User Name;Business Role ID
AGARWALNIDHI;SAP_BR_ADMINISTRATOR
AGARWALNIDHI;SAP_BR_ADMINISTRATOR_MKT
AGARWALNIDHI;SAP_BR_BPC_EXPERT
AGARWALNIDHI;SAP_BR_BUSINESS_ANALYST_MKT
AGARWALNIDHI;SAP_BR_MARKETING_EXECUTIVE
AGARWALNIDHI;SAP_BR_MARKETING_EXPERT
AGARWALNIDHI;SAP_BR_MARKETING_MANAGER
AIT;SAP_BR_ADMINISTRATOR
AIT;SAP_BR_BPC_EXPERT
AMSADMIN;SAP_BR_ADMINISTRATOR
AMSADMIN;SAP_BR_BPC_EXPERT
AMSADMIN;Z_S4C01_ROLE
ARORAV;SAP_BR_ADMINISTRATOR
ARORAV;SAP_BR_BPC_EXPERT
BARRADAST;SAP_BR_ADMINISTRATOR
BARRADAST;SAP_BR_BPC_EXPERT
BELOUSOV;SAP_BR_PRODMASTER_SPECIALIST
BELOUSOV;SAP_BR_QUALITY_ENGINEER
BELOUSOV;SAP_BR_QUALITY_MANAGER
BELOUSOV;SAP_BR_QUALITY_PLANNER
BELOUSOV;SAP_BR_QUALITY_TECHNICIAN
BELOUSOV;Z_S4C_GENERIC_ROLE
BIELECKIS;SAP_BR_ADMINISTRATOR
BIELECKIS;SAP_BR_ADMINISTRATOR_MKT
BIELECKIS;SAP_BR_BUSINESS_ANALYST_MKT
BIELECKIS;SAP_BR_MARKETING_EXECUTIVE
BIELECKIS;SAP_BR_MARKETING_EXPERT
BIELECKIS;SAP_BR_MARKETING_MANAGER
BIELECKIS;SAP_BR_SALES_REP_MKT_INFO
BOODHOO;SAP_BR_ADMINISTRATOR
BOODHOO;SAP_BR_BPC_EXPERT
BOURDELLE;Z_S4C_GENERIC_ROLE
BRAHMBHATTP;Z_S4C_GENERIC_ROLE
BRAZELL;Z_S4C_GENERIC_ROLE
BSSH;SAP_BR_ADMINISTRATOR
BSSH;SAP_BR_BPC_EXPERT
BURMANM;SAP_BR_ADMINISTRATOR
BURMANM;Z_S4C_GENERIC_ROLE
C5202726;Z_S4C01_ROLE
CLD200-00;CUSTOM_BUSINESS_OBJECTS
CLD200-00;CUSTOM_BUSINESS_OBJECTS_UI
CLD200-00;SAP_BR_ADMINISTRATOR
CLD200-00;SAP_BR_BUPA_MASTER_SPECIALIST
CLD200-00;SAP_BR_BUPA_MASTER_STEWARD
CLD200-00;SAP_BR_MARKETING_EXPERT
CLD200-01;CUSTOM_BUSINESS_OBJECTS
CLD200-01;CUSTOM_BUSINESS_OBJECTS_UI
CLD200-01;SAP_BR_ADMINISTRATOR
CLD200-01;SAP_BR_BUPA_MASTER_SPECIALIST
CLD200-01;SAP_BR_BUPA_MASTER_STEWARD
CLD200-01;SAP_BR_MARKETING_EXPERT
CLD200-02;CUSTOM_BUSINESS_OBJECTS
CLD200-02;CUSTOM_BUSINESS_OBJECTS_UI
CLD200-02;SAP_BR_ADMINISTRATOR
CLD200-02;SAP_BR_BUPA_MASTER_SPECIALIST
CLD200-02;SAP_BR_BUPA_MASTER_STEWARD
CLD200-02;SAP_BR_MARKETING_EXPERT
CLD200-03;CUSTOM_BUSINESS_OBJECTS
CLD200-03;CUSTOM_BUSINESS_OBJECTS_UI
CLD200-03;SAP_BR_ADMINISTRATOR
CLD200-03;SAP_BR_BUPA_MASTER_SPECIALIST
CLD200-03;SAP_BR_BUPA_MASTER_STEWARD
CLD200-03;SAP_BR_MARKETING_EXPERT
CLD200-04;CUSTOM_BUSINESS_OBJECTS
CLD200-04;CUSTOM_BUSINESS_OBJECTS_UI
CLD200-04;SAP_BR_ADMINISTRATOR
CLD200-04;SAP_BR_BUPA_MASTER_SPECIALIST
CLD200-04;SAP_BR_BUPA_MASTER_STEWARD
CLD200-04;SAP_BR_MARKETING_EXPERT
CLD200-05;CUSTOM_BUSINESS_OBJECTS
CLD200-05;CUSTOM_BUSINESS_OBJECTS_UI
CLD200-05;SAP_BR_ADMINISTRATOR
CLD200-05;SAP_BR_BUPA_MASTER_SPECIALIST
CLD200-05;SAP_BR_BUPA_MASTER_STEWARD
CLD200-05;SAP_BR_MARKETING_EXPERT
CLD200-06;CUSTOM_BUSINESS_OBJECTS
CLD200-06;CUSTOM_BUSINESS_OBJECTS_UI
CLD200-06;SAP_BR_ADMINISTRATOR
CLD200-06;SAP_BR_MARKETING_EXPERT
CLD200-07;CUSTOM_BUSINESS_OBJECTS
CLD200-07;CUSTOM_BUSINESS_OBJECTS_UI
CLD200-07;SAP_BR_ADMINISTRATOR
CLD200-07;SAP_BR_ANALYTICS_SPECIALIST
CLD200-07;SAP_BR_BPC_EXPERT
CLD200-07;SAP_BR_BUPA_MASTER_SPECIALIST
CLD200-07;SAP_BR_BUPA_MASTER_STEWARD
CLD200-07;SAP_BR_MARKETING_EXPERT
CLD200-08;CUSTOM_BUSINESS_OBJECTS
CLD200-08;CUSTOM_BUSINESS_OBJECTS_UI
CLD200-08;SAP_BR_ADMINISTRATOR
CLD200-08;SAP_BR_BUPA_MASTER_SPECIALIST
CLD200-08;SAP_BR_BUPA_MASTER_STEWARD
CLD200-08;SAP_BR_MARKETING_EXPERT
CLD200-09;CUSTOM_BUSINESS_OBJECTS
CLD200-09;CUSTOM_BUSINESS_OBJECTS_UI
CLD200-09;SAP_BR_ADMINISTRATOR
CLD200-09;SAP_BR_ADMINISTRATOR_DPR
CLD200-09;SAP_BR_BPC_EXPERT
CLD200-09;SAP_BR_BUPA_MASTER_SPECIALIST
CLD200-09;SAP_BR_MARKETING_EXPERT
CLD200-10;CUSTOM_BUSINESS_OBJECTS
CLD200-10;CUSTOM_BUSINESS_OBJECTS_UI
CLD200-10;SAP_BR_ADMINISTRATOR
CLD200-10;SAP_BR_BUPA_MASTER_SPECIALIST
CLD200-10;SAP_BR_BUPA_MASTER_STEWARD
CLD200-10;SAP_BR_MARKETING_EXPERT
CLD200-11;CUSTOM_BUSINESS_OBJECTS
CLD200-11;CUSTOM_BUSINESS_OBJECTS_UI
CLD200-11;SAP_BR_ADMINISTRATOR
CLD200-11;SAP_BR_BUPA_MASTER_SPECIALIST
CLD200-11;SAP_BR_MARKETING_EXPERT
CLD200-12;CUSTOM_BUSINESS_OBJECTS
CLD200-12;CUSTOM_BUSINESS_OBJECTS_UI
CLD200-12;SAP_BR_ADMINISTRATOR
CLD200-12;SAP_BR_MARKETING_EXPERT
CLD200-13;CUSTOM_BUSINESS_OBJECTS
CLD200-13;CUSTOM_BUSINESS_OBJECTS_UI
CLD200-13;SAP_BR_ADMINISTRATOR
CLD200-13;SAP_BR_MARKETING_EXPERT
CLD200-14;CUSTOM_BUSINESS_OBJECTS
CLD200-14;CUSTOM_BUSINESS_OBJECTS_UI
CLD200-14;SAP_BR_ADMINISTRATOR
CLD200-14;SAP_BR_MARKETING_EXPERT
CLD200-15;CUSTOM_BUSINESS_OBJECTS
CLD200-15;CUSTOM_BUSINESS_OBJECTS_UI
CLD200-15;SAP_BR_ADMINISTRATOR
CLD200-15;SAP_BR_MARKETING_EXPERT
CLD200-16;CUSTOM_BUSINESS_OBJECTS
CLD200-16;CUSTOM_BUSINESS_OBJECTS_UI
CLD200-16;SAP_BR_ADMINISTRATOR
CLD200-16;SAP_BR_MARKETING_EXPERT
CLD200-17;CUSTOM_BUSINESS_OBJECTS
CLD200-17;CUSTOM_BUSINESS_OBJECTS_UI
CLD200-17;SAP_BR_ADMINISTRATOR
CLD200-17;SAP_BR_MARKETING_EXPERT
CLD200-18;CUSTOM_BUSINESS_OBJECTS
CLD200-18;CUSTOM_BUSINESS_OBJECTS_UI
CLD200-18;SAP_BR_ADMINISTRATOR
CLD200-18;SAP_BR_MARKETING_EXPERT
CLD200-19;CUSTOM_BUSINESS_OBJECTS
CLD200-19;CUSTOM_BUSINESS_OBJECTS_UI
CLD200-19;SAP_BR_ADMINISTRATOR
CLD200-19;SAP_BR_MARKETING_EXPERT
CLD200-20;CUSTOM_BUSINESS_OBJECTS
CLD200-20;CUSTOM_BUSINESS_OBJECTS_UI
CLD200-20;SAP_BR_ADMINISTRATOR
CLD200-20;SAP_BR_MARKETING_EXPERT
CP100-00;CUSTOM_BUSINESS_OBJECTS
CP100-00;CUSTOM_BUSINESS_OBJECTS_UI
CP100-00;SAP_BR_ADMINISTRATOR
CP100-00;SAP_BR_MARKETING_EXPERT
CP100-01;CUSTOM_BUSINESS_OBJECTS
CP100-01;CUSTOM_BUSINESS_OBJECTS_UI
CP100-01;SAP_BR_ADMINISTRATOR
CP100-01;SAP_BR_MARKETING_EXPERT
CP100-02;CUSTOM_BUSINESS_OBJECTS
CP100-02;CUSTOM_BUSINESS_OBJECTS_UI
CP100-02;SAP_BR_ADMINISTRATOR
CP100-02;SAP_BR_MARKETING_EXPERT
CP100-03;CUSTOM_BUSINESS_OBJECTS
CP100-03;CUSTOM_BUSINESS_OBJECTS_UI
CP100-03;SAP_BR_ADMINISTRATOR
CP100-03;SAP_BR_MARKETING_EXPERT
CP100-04;CUSTOM_BUSINESS_OBJECTS
CP100-04;CUSTOM_BUSINESS_OBJECTS_UI
CP100-04;SAP_BR_ADMINISTRATOR
CP100-04;SAP_BR_MARKETING_EXPERT
CP100-05;CUSTOM_BUSINESS_OBJECTS
CP100-05;CUSTOM_BUSINESS_OBJECTS_UI
CP100-05;SAP_BR_ADMINISTRATOR
CP100-05;SAP_BR_MARKETING_EXPERT
CP100-06;CUSTOM_BUSINESS_OBJECTS
CP100-06;CUSTOM_BUSINESS_OBJECTS_UI
CP100-06;SAP_BR_ADMINISTRATOR
CP100-06;SAP_BR_MARKETING_EXPERT
CP100-07;CUSTOM_BUSINESS_OBJECTS
CP100-07;CUSTOM_BUSINESS_OBJECTS_UI
CP100-07;SAP_BR_ADMINISTRATOR
CP100-07;SAP_BR_MARKETING_EXPERT
CP100-08;CUSTOM_BUSINESS_OBJECTS
CP100-08;CUSTOM_BUSINESS_OBJECTS_UI
CP100-08;SAP_BR_ADMINISTRATOR
CP100-08;SAP_BR_MARKETING_EXPERT
CP100-09;CUSTOM_BUSINESS_OBJECTS
CP100-09;CUSTOM_BUSINESS_OBJECTS_UI
CP100-09;SAP_BR_ADMINISTRATOR
CP100-09;SAP_BR_MARKETING_EXPERT
CP100-10;CUSTOM_BUSINESS_OBJECTS
CP100-10;CUSTOM_BUSINESS_OBJECTS_UI
CP100-10;SAP_BR_ADMINISTRATOR
CP100-10;SAP_BR_MARKETING_EXPERT
CP100-11;CUSTOM_BUSINESS_OBJECTS
CP100-11;CUSTOM_BUSINESS_OBJECTS_UI
CP100-11;SAP_BR_ADMINISTRATOR
CP100-11;SAP_BR_MARKETING_EXPERT
CP100-12;CUSTOM_BUSINESS_OBJECTS
CP100-12;CUSTOM_BUSINESS_OBJECTS_UI
CP100-12;SAP_BR_ADMINISTRATOR
CP100-12;SAP_BR_MARKETING_EXPERT
CP100-13;CUSTOM_BUSINESS_OBJECTS
CP100-13;CUSTOM_BUSINESS_OBJECTS_UI
CP100-13;SAP_BR_ADMINISTRATOR
CP100-13;SAP_BR_MARKETING_EXPERT
CP100-14;CUSTOM_BUSINESS_OBJECTS
CP100-14;CUSTOM_BUSINESS_OBJECTS_UI
CP100-14;SAP_BR_ADMINISTRATOR
CP100-14;SAP_BR_MARKETING_EXPERT
CP100-15;CUSTOM_BUSINESS_OBJECTS
CP100-15;CUSTOM_BUSINESS_OBJECTS_UI
CP100-15;SAP_BR_ADMINISTRATOR
CP100-15;SAP_BR_MARKETING_EXPERT
CP100-16;CUSTOM_BUSINESS_OBJECTS
CP100-16;CUSTOM_BUSINESS_OBJECTS_UI
CP100-16;SAP_BR_ADMINISTRATOR
CP100-16;SAP_BR_MARKETING_EXPERT
CP100-17;CUSTOM_BUSINESS_OBJECTS
CP100-17;CUSTOM_BUSINESS_OBJECTS_UI
CP100-17;SAP_BR_ADMINISTRATOR
CP100-17;SAP_BR_MARKETING_EXPERT
CP100-18;CUSTOM_BUSINESS_OBJECTS
CP100-18;CUSTOM_BUSINESS_OBJECTS_UI
CP100-18;SAP_BR_ADMINISTRATOR
CP100-18;SAP_BR_MARKETING_EXPERT
CP100-19;CUSTOM_BUSINESS_OBJECTS
CP100-19;CUSTOM_BUSINESS_OBJECTS_UI
CP100-19;SAP_BR_ADMINISTRATOR
CP100-19;SAP_BR_MARKETING_EXPERT
CP100-20;CUSTOM_BUSINESS_OBJECTS
CP100-20;CUSTOM_BUSINESS_OBJECTS_UI
CP100-20;SAP_BR_ADMINISTRATOR
CP100-20;SAP_BR_MARKETING_EXPERT
DAICR;SAP_BR_ADMINISTRATOR
DAICR;SAP_BR_BPC_EXPERT
DAICR;Z_S4C_GENERIC_ROLE
DAWKES;SAP_BR_ADMINISTRATOR
DAWKES;SAP_BR_BPC_EXPERT
DITTUS;Z_S4C_GENERIC_ROLE
DOUGLASM;SAP_BR_GL_ACCOUNTANT_US
DOUGLASM;Z_S4C01_ROLE
ERKOC;SAP_BR_ADMINISTRATOR
ERKOC;SAP_BR_BPC_EXPERT
ERKOC;SAP_BR_INVENTORY_MANAGER
ERKOC;SAP_BR_PURCHASER
ESPINOSALI;SAP_BR_ADMINISTRATOR
ESPINOSALI;SAP_BR_BPC_EXPERT
ESSERS;Z_S4C_GENERIC_ROLE
FIELDSD;SAP_BR_ADMINISTRATOR
FIELDSD;SAP_BR_ANALYTICS_SPECIALIST
FIELDSD;SAP_BR_BPC_EXPERT
FIELDSD;SAP_BR_CONTROLLER
FIELDSD;SAP_BR_EMPLOYEE
FIELDSD;SAP_BR_PROJ_MANAGE_COMM
GLADEN;SAP_BR_ADMINISTRATOR
GLADEN;SAP_BR_BPC_EXPERT
GONCALVESAN;Z_S4C_GENERIC_ROLE
GRUNDK;Z_S4C01_ROLE
GULEA;SAP_BR_ADMINISTRATOR
GULEA;Z_S4C01_ROLE
GULEA;Z_S4C_PSC
HAASCHR;SAP_BR_ADMINISTRATOR
HAASCHR;SAP_BR_BPC_EXPERT
HOEFNAGELS;SAP_BR_ADMINISTRATOR
HOEFNAGELS;SAP_BR_ADMINISTRATOR_LCM
HOEFNAGELS;SAP_BR_BPC_EXPERT
HOEFNAGELS;SAP_BR_BUPA_MASTER_SPECIALIST
HOEFNAGELS;SAP_BR_LEGAL_COUNSEL
HY760-00;SAP_BR_ADMINISTRATOR
HY760-00;SAP_BR_ADMINISTRATOR_MKT
HY760-00;SAP_BR_BPC_EXPERT
HY760-00;SAP_BR_BUSINESS_ANALYST_MKT
HY760-00;SAP_BR_MARKETING_EXECUTIVE
HY760-00;SAP_BR_MARKETING_EXPERT
HY760-00;SAP_BR_MARKETING_MANAGER
HY760-01;SAP_BR_ADMINISTRATOR
HY760-01;SAP_BR_ADMINISTRATOR_MKT
HY760-01;SAP_BR_BPC_EXPERT
HY760-01;SAP_BR_BUSINESS_ANALYST_MKT
HY760-01;SAP_BR_MARKETING_EXECUTIVE
HY760-01;SAP_BR_MARKETING_EXPERT
HY760-01;SAP_BR_MARKETING_MANAGER
HY760-02;SAP_BR_ADMINISTRATOR
HY760-02;SAP_BR_ADMINISTRATOR_MKT
HY760-02;SAP_BR_BPC_EXPERT
HY760-02;SAP_BR_BUSINESS_ANALYST_MKT
HY760-02;SAP_BR_MARKETING_EXECUTIVE
HY760-02;SAP_BR_MARKETING_EXPERT
HY760-02;SAP_BR_MARKETING_MANAGER
HY760-03;SAP_BR_ADMINISTRATOR
HY760-03;SAP_BR_ADMINISTRATOR_MKT
HY760-03;SAP_BR_BPC_EXPERT
HY760-03;SAP_BR_BUSINESS_ANALYST_MKT
HY760-03;SAP_BR_MARKETING_EXECUTIVE
HY760-03;SAP_BR_MARKETING_EXPERT
HY760-03;SAP_BR_MARKETING_MANAGER
HY760-04;SAP_BR_ADMINISTRATOR
HY760-04;SAP_BR_ADMINISTRATOR_MKT
HY760-04;SAP_BR_BPC_EXPERT
HY760-04;SAP_BR_BUSINESS_ANALYST_MKT
HY760-04;SAP_BR_MARKETING_EXECUTIVE
HY760-04;SAP_BR_MARKETING_EXPERT
HY760-04;SAP_BR_MARKETING_MANAGER
HY760-05;SAP_BR_ADMINISTRATOR
HY760-05;SAP_BR_ADMINISTRATOR_MKT
HY760-05;SAP_BR_BPC_EXPERT
HY760-05;SAP_BR_BUSINESS_ANALYST_MKT
HY760-05;SAP_BR_MARKETING_EXECUTIVE
HY760-05;SAP_BR_MARKETING_EXPERT
HY760-05;SAP_BR_MARKETING_MANAGER
HY760-06;SAP_BR_ADMINISTRATOR
HY760-06;SAP_BR_ADMINISTRATOR_MKT
HY760-06;SAP_BR_BPC_EXPERT
HY760-06;SAP_BR_BUSINESS_ANALYST_MKT
HY760-06;SAP_BR_MARKETING_EXECUTIVE
HY760-06;SAP_BR_MARKETING_EXPERT
HY760-06;SAP_BR_MARKETING_MANAGER
HY760-07;SAP_BR_ADMINISTRATOR
HY760-07;SAP_BR_ADMINISTRATOR_MKT
HY760-07;SAP_BR_BPC_EXPERT
HY760-07;SAP_BR_BUSINESS_ANALYST_MKT
HY760-07;SAP_BR_MARKETING_EXECUTIVE
HY760-07;SAP_BR_MARKETING_EXPERT
HY760-07;SAP_BR_MARKETING_MANAGER
HY760-08;SAP_BR_ADMINISTRATOR
HY760-08;SAP_BR_ADMINISTRATOR_MKT
HY760-08;SAP_BR_BPC_EXPERT
HY760-08;SAP_BR_BUSINESS_ANALYST_MKT
HY760-08;SAP_BR_MARKETING_EXECUTIVE
HY760-08;SAP_BR_MARKETING_EXPERT
HY760-08;SAP_BR_MARKETING_MANAGER
HY760-09;SAP_BR_ADMINISTRATOR
HY760-09;SAP_BR_ADMINISTRATOR_MKT
HY760-09;SAP_BR_BPC_EXPERT
HY760-09;SAP_BR_BUSINESS_ANALYST_MKT
HY760-09;SAP_BR_MARKETING_EXECUTIVE
HY760-09;SAP_BR_MARKETING_EXPERT
HY760-09;SAP_BR_MARKETING_MANAGER
HY760-10;SAP_BR_ADMINISTRATOR
HY760-10;SAP_BR_ADMINISTRATOR_MKT
HY760-10;SAP_BR_BPC_EXPERT
HY760-10;SAP_BR_BUSINESS_ANALYST_MKT
HY760-10;SAP_BR_MARKETING_EXECUTIVE
HY760-10;SAP_BR_MARKETING_EXPERT
HY760-10;SAP_BR_MARKETING_MANAGER
HY760-11;SAP_BR_ADMINISTRATOR
HY760-11;SAP_BR_ADMINISTRATOR_MKT
HY760-11;SAP_BR_BPC_EXPERT
HY760-11;SAP_BR_BUSINESS_ANALYST_MKT
HY760-11;SAP_BR_MARKETING_EXECUTIVE
HY760-11;SAP_BR_MARKETING_EXPERT
HY760-11;SAP_BR_MARKETING_MANAGER
HY760-12;SAP_BR_ADMINISTRATOR
HY760-12;SAP_BR_ADMINISTRATOR_MKT
HY760-12;SAP_BR_BPC_EXPERT
HY760-12;SAP_BR_BUSINESS_ANALYST_MKT
HY760-12;SAP_BR_MARKETING_EXECUTIVE
HY760-12;SAP_BR_MARKETING_EXPERT
HY760-12;SAP_BR_MARKETING_MANAGER
HY760-13;SAP_BR_ADMINISTRATOR
HY760-13;SAP_BR_ADMINISTRATOR_MKT
HY760-13;SAP_BR_BPC_EXPERT
HY760-13;SAP_BR_BUSINESS_ANALYST_MKT
HY760-13;SAP_BR_MARKETING_EXECUTIVE
HY760-13;SAP_BR_MARKETING_EXPERT
HY760-13;SAP_BR_MARKETING_MANAGER
HY760-14;SAP_BR_ADMINISTRATOR
HY760-14;SAP_BR_ADMINISTRATOR_MKT
HY760-14;SAP_BR_BPC_EXPERT
HY760-14;SAP_BR_BUSINESS_ANALYST_MKT
HY760-14;SAP_BR_MARKETING_EXECUTIVE
HY760-14;SAP_BR_MARKETING_EXPERT
HY760-14;SAP_BR_MARKETING_MANAGER
HY760-15;SAP_BR_ADMINISTRATOR
HY760-15;SAP_BR_ADMINISTRATOR_MKT
HY760-15;SAP_BR_BPC_EXPERT
HY760-15;SAP_BR_BUSINESS_ANALYST_MKT
HY760-15;SAP_BR_MARKETING_EXECUTIVE
HY760-15;SAP_BR_MARKETING_EXPERT
HY760-15;SAP_BR_MARKETING_MANAGER
HY760-16;SAP_BR_ADMINISTRATOR
HY760-16;SAP_BR_ADMINISTRATOR_MKT
HY760-16;SAP_BR_BPC_EXPERT
HY760-16;SAP_BR_BUSINESS_ANALYST_MKT
HY760-16;SAP_BR_MARKETING_EXECUTIVE
HY760-16;SAP_BR_MARKETING_EXPERT
HY760-16;SAP_BR_MARKETING_MANAGER
HY760-17;SAP_BR_ADMINISTRATOR
HY760-17;SAP_BR_ADMINISTRATOR_MKT
HY760-17;SAP_BR_BPC_EXPERT
HY760-17;SAP_BR_BUSINESS_ANALYST_MKT
HY760-17;SAP_BR_MARKETING_EXECUTIVE
HY760-17;SAP_BR_MARKETING_EXPERT
HY760-17;SAP_BR_MARKETING_MANAGER
HY760-18;SAP_BR_ADMINISTRATOR
HY760-18;SAP_BR_ADMINISTRATOR_MKT
HY760-18;SAP_BR_BPC_EXPERT
HY760-18;SAP_BR_BUSINESS_ANALYST_MKT
HY760-18;SAP_BR_MARKETING_EXECUTIVE
HY760-18;SAP_BR_MARKETING_EXPERT
HY760-18;SAP_BR_MARKETING_MANAGER
HY760-19;SAP_BR_ADMINISTRATOR
HY760-19;SAP_BR_ADMINISTRATOR_MKT
HY760-19;SAP_BR_BPC_EXPERT
HY760-19;SAP_BR_BUSINESS_ANALYST_MKT
HY760-19;SAP_BR_MARKETING_EXECUTIVE
HY760-19;SAP_BR_MARKETING_EXPERT
HY760-19;SAP_BR_MARKETING_MANAGER
HY760-20;SAP_BR_ADMINISTRATOR
HY760-20;SAP_BR_ADMINISTRATOR_MKT
HY760-20;SAP_BR_BPC_EXPERT
HY760-20;SAP_BR_BUSINESS_ANALYST_MKT
HY760-20;SAP_BR_MARKETING_EXECUTIVE
HY760-20;SAP_BR_MARKETING_EXPERT
HY760-20;SAP_BR_MARKETING_MANAGER
IWTEST;Z_S4C_GENERIC_ROLE
JOOSTE;SAP_BR_ADMINISTRATOR
JOOSTE;SAP_BR_ADMINISTRATOR_DATA_REPL
JOOSTE;SAP_BR_AR_ACCOUNTANT
JOOSTE;SAP_BR_BILLING_CLERK
JOOSTE;SAP_BR_BPC_EXPERT
JOOSTE;SAP_BR_BUPA_MASTER_SPECIALIST
JOOSTE;SAP_BR_CREDIT_CONTROLLER
JOOSTE;SAP_BR_EMPLOYEE
JOOSTE;SAP_BR_INTERNAL_SALES_REP
JOOSTE;SAP_BR_INVENTORY_MANAGER
JOOSTE;SAP_BR_PURCHASER
JOOSTE;SAP_BR_PURCHASING_MANAGER
JOOSTE;SAP_BR_RETURNS_REFUND_CLERK
JOOSTE;SAP_BR_SALES_MANAGER
JOOSTE;SAP_BR_SALES_PROCESS_MANAGER
JOOSTE;SAP_BR_SHIPPING_SPECIALIST
JOOSTE;SAP_BR_WAREHOUSE_CLERK
JORDANJ;SAP_BR_ADMINISTRATOR_MKT
JORDANJ;SAP_BR_BPC_EXPERT
JORDANJ;SAP_BR_BUSINESS_ANALYST_MKT
JORDANJ;SAP_BR_MARKETING_EXECUTIVE
JORDANJ;SAP_BR_MARKETING_EXPERT
JORDANJ;SAP_BR_MARKETING_MANAGER
JORDANJ;Z_S4C01_ROLE
KAPUCU;SAP_BR_ADMINISTRATOR_MKT
KAPUCU;SAP_BR_BPC_EXPERT
KAPUCU;SAP_BR_BUSINESS_ANALYST_MKT
KAPUCU;SAP_BR_MARKETING_EXECUTIVE
KAPUCU;SAP_BR_MARKETING_EXPERT
KAPUCU;SAP_BR_MARKETING_MANAGER
KAPUCU;Z_S4C01_ROLE
KAURPAR;SAP_BR_GL_ACCOUNTANT_US
KAURPAR;Z_S4C01_ROLE
KHANJ;SAP_BR_GL_ACCOUNTANT_US
KHANJ;Z_S4C01_ROLE
KHANRO;SAP_BR_ADMINISTRATOR
KHANRO;SAP_BR_BPC_EXPERT
KLAUKE;SAP_BR_ADMINISTRATOR
KLAUKE;SAP_BR_ADMINISTRATOR_MKT
KLAUKE;SAP_BR_BUSINESS_ANALYST_MKT
KLAUKE;SAP_BR_MARKETING_EXECUTIVE
KLAUKE;SAP_BR_MARKETING_EXPERT
KLAUKE;SAP_BR_MARKETING_MANAGER
KLAUKE;Z_S4C01_ROLE
KUDARAVALLIH;Z_S4C01_ROLE
LAYERF;SAP_BR_ADMINISTRATOR
LAYERF;SAP_BR_BPC_EXPERT
LAYERF;SAP_BR_MATL_PLNR_EXT_PROC
LAYERF;SAP_BR_PRODMASTER_SPECIALIST
LAYERF;SAP_BR_PRODN_ENG_DISC
LAYERF;SAP_BR_PRODN_ENG_PROC
LAYERF;SAP_BR_PRODN_PLNR
LAYERF;SAP_BR_PRODN_PLNR_LEAN_MFG
LIYUE;SAP_BR_ADMINISTRATOR
LIYUE;SAP_BR_BPC_EXPERT
MITTMANNR;SAP_BR_ADMINISTRATOR
MITTMANNR;SAP_BR_BPC_EXPERT
NAETHE;SAP_BR_ADMINISTRATOR
NAETHE;SAP_BR_BPC_EXPERT
NAUMANNTH;SAP_BR_PRODMASTER_SPECIALIST
NAUMANNTH;SAP_BR_QUALITY_ENGINEER
NAUMANNTH;SAP_BR_QUALITY_MANAGER
NAUMANNTH;SAP_BR_QUALITY_PLANNER
NAUMANNTH;SAP_BR_QUALITY_TECHNICIAN
NAUMANNTH;Z_S4C_GENERIC_ROLE
NIKKELS;SAP_BR_ADMINISTRATOR
NIKKELS;SAP_BR_ADMINISTRATOR_LCM
NIKKELS;SAP_BR_BPC_EXPERT
NIKKELS;SAP_BR_LEGAL_COUNSEL
NOLDEN;SAP_BR_ADMINISTRATOR
NOLDEN;SAP_BR_BPC_EXPERT
OYENIYI;SAP_BR_ADMINISTRATOR
OYENIYI;SAP_BR_BPC_EXPERT
PEESAPATI;CUSTOM_BUSINESS_OBJECTS
PEESAPATI;SAP_BR_ADMINISTRATOR
PEESAPATI;SAP_BR_ADMINISTRATOR_MKT
PEESAPATI;SAP_BR_BPC_EXPERT
PEESAPATI;SAP_BR_BUSINESS_ANALYST_MKT
PEESAPATI;SAP_BR_MARKETING_EXECUTIVE
PEESAPATI;SAP_BR_MARKETING_EXPERT
PEESAPATI;SAP_BR_MARKETING_MANAGER
PEESAPATI;Z_S4C01_ROLE
POUGKAS;SAP_BR_AA_ACCOUNTANT
POUGKAS;SAP_BR_GL_ACCOUNTANT
POUGKAS;SAP_BR_OVERHEAD_ACCOUNTANT
POUGKAS;Z_S4C_GENERIC_ROLE
PRECHTBA;SAP_BR_ADMINISTRATOR
PRECHTBA;SAP_BR_BPC_EXPERT
PRECHTBA;SAP_BR_EMPLOYEE
PRECHTBA;Z_S4C_PSC
RAZDHAN;SAP_BR_ADMINISTRATOR
RAZDHAN;SAP_BR_BPC_EXPERT
RAZDHAN;SAP_BR_OVERHEAD_ACCOUNTANT
RAZDHAN;SAP_BR_PROJ_MANAGE_COMM
RESSING;SAP_BR_ADMINISTRATOR
RESSING;SAP_BR_BPC_EXPERT
RICCIARELLI;SAP_BR_ADMINISTRATOR
RICCIARELLI;SAP_BR_BILLING_CLERK
RICCIARELLI;SAP_BR_BPC_EXPERT
RICCIARELLI;SAP_BR_BUPA_MASTER_SPECIALIST
RICCIARELLI;SAP_BR_CREDIT_CONTROLLER
RICCIARELLI;SAP_BR_INTERNAL_SALES_REP
RICCIARELLI;SAP_BR_SHIPPING_SPECIALIST
RICCIARELLI;SAP_BR_WAREHOUSE_CLERK
RODRIGUECARL;Z_S4C_GENERIC_ROLE
ROGGE;SAP_BR_ADMINISTRATOR
ROGGE;SAP_BR_BPC_EXPERT
ROLFS;SAP_BR_ADMINISTRATOR
ROLFS;SAP_BR_BPC_EXPERT
S4C-00;Z_S4C_GENERIC_ROLE
S4C-01;SAP_BR_ADMINISTRATOR
S4C-01;SAP_BR_ANALYTICS_SPECIALIST
S4C-01;SAP_BR_BPC_EXPERT
S4C-01;SAP_BR_BUPA_MASTER_SPECIALIST
S4C-01;SAP_BR_BUPA_MASTER_STEWARD
S4C-01;SAP_BR_MARKETING_EXPERT
S4C-01;Z_S4C_GENERIC_ROLE
S4C-02;Z_S4C_GENERIC_ROLE
S4C-03;Z_S4C_GENERIC_ROLE
S4C-04;Z_S4C_GENERIC_ROLE
S4C-05;Z_S4C_GENERIC_ROLE
S4C-06;Z_S4C_GENERIC_ROLE
S4C-07;Z_S4C_GENERIC_ROLE
S4C-08;Z_S4C_GENERIC_ROLE
S4C-09;Z_S4C_GENERIC_ROLE
S4C-10;Z_S4C_GENERIC_ROLE
S4C-11;Z_S4C_GENERIC_ROLE
S4C-12;Z_S4C_GENERIC_ROLE
S4C-13;Z_S4C_GENERIC_ROLE
S4C-14;Z_S4C_GENERIC_ROLE
S4C-15;Z_S4C_GENERIC_ROLE
S4C-16;Z_S4C_GENERIC_ROLE
S4C-17;Z_S4C_GENERIC_ROLE
S4C-18;Z_S4C_GENERIC_ROLE
S4C-19;Z_S4C_GENERIC_ROLE
S4C-20;Z_S4C_GENERIC_ROLE
S4C-21;Z_S4C_GENERIC_ROLE
S4C-22;Z_S4C_GENERIC_ROLE
S4C-23;Z_S4C_GENERIC_ROLE
S4C-24;Z_S4C_GENERIC_ROLE
S4C-25;Z_S4C_GENERIC_ROLE
S4C-26;Z_S4C_GENERIC_ROLE
S4C-27;Z_S4C_GENERIC_ROLE
S4C-28;Z_S4C_GENERIC_ROLE
S4C-29;Z_S4C_GENERIC_ROLE
S4C-30;Z_S4C_GENERIC_ROLE
S4C01-00;SAP_BR_EMPLOYEE
S4C01-00;Z_S4C01_TRAINING_ROLE
S4C01-01;SAP_BR_EMPLOYEE
S4C01-01;Z_S4C01_TRAINING_ROLE
S4C01-02;SAP_BR_EMPLOYEE
S4C01-02;Z_S4C01_TRAINING_ROLE
S4C01-03;SAP_BR_EMPLOYEE
S4C01-03;Z_S4C01_TRAINING_ROLE
S4C01-04;SAP_BR_EMPLOYEE
S4C01-04;Z_S4C01_TRAINING_ROLE
S4C01-05;SAP_BR_EMPLOYEE
S4C01-05;Z_S4C01_TRAINING_ROLE
S4C01-06;SAP_BR_EMPLOYEE
S4C01-06;Z_S4C01_TRAINING_ROLE
S4C01-07;SAP_BR_EMPLOYEE
S4C01-07;Z_S4C01_TRAINING_ROLE
S4C01-08;SAP_BR_EMPLOYEE
S4C01-08;Z_S4C01_TRAINING_ROLE
S4C01-09;SAP_BR_EMPLOYEE
S4C01-09;Z_S4C01_TRAINING_ROLE
S4C01-10;SAP_BR_EMPLOYEE
S4C01-10;Z_S4C01_TRAINING_ROLE
S4C01-11;SAP_BR_EMPLOYEE
S4C01-11;Z_S4C01_TRAINING_ROLE
S4C01-12;SAP_BR_EMPLOYEE
S4C01-12;Z_S4C01_TRAINING_ROLE
S4C01-13;SAP_BR_EMPLOYEE
S4C01-13;Z_S4C01_TRAINING_ROLE
S4C01-14;SAP_BR_EMPLOYEE
S4C01-14;Z_S4C01_TRAINING_ROLE
S4C01-15;SAP_BR_EMPLOYEE
S4C01-15;Z_S4C01_TRAINING_ROLE
S4C01-16;SAP_BR_EMPLOYEE
S4C01-16;Z_S4C01_TRAINING_ROLE
S4C01-17;SAP_BR_EMPLOYEE
S4C01-17;Z_S4C01_TRAINING_ROLE
S4C01-18;SAP_BR_EMPLOYEE
S4C01-18;Z_S4C01_TRAINING_ROLE
S4C01-19;SAP_BR_EMPLOYEE
S4C01-19;Z_S4C01_TRAINING_ROLE
S4C01-20;SAP_BR_EMPLOYEE
S4C01-20;Z_S4C01_TRAINING_ROLE
S4C01-21;SAP_BR_EMPLOYEE
S4C01-21;Z_S4C01_TRAINING_ROLE
S4C01-22;SAP_BR_EMPLOYEE
S4C01-22;Z_S4C01_TRAINING_ROLE
S4C01-23;SAP_BR_EMPLOYEE
S4C01-23;Z_S4C01_TRAINING_ROLE
S4C01-24;SAP_BR_EMPLOYEE
S4C01-24;Z_S4C01_TRAINING_ROLE
S4C01-25;SAP_BR_EMPLOYEE
S4C01-25;Z_S4C01_TRAINING_ROLE
S4C01-26;SAP_BR_EMPLOYEE
S4C01-26;Z_S4C01_TRAINING_ROLE
S4C01-27;SAP_BR_EMPLOYEE
S4C01-27;Z_S4C01_TRAINING_ROLE
S4C01-28;SAP_BR_EMPLOYEE
S4C01-28;Z_S4C01_TRAINING_ROLE
S4C01-29;SAP_BR_EMPLOYEE
S4C01-29;Z_S4C01_TRAINING_ROLE
S4C01-30;SAP_BR_EMPLOYEE
S4C01-30;Z_S4C01_TRAINING_ROLE
S4C20-00;Z_S4C20_PSC
S4C20-01;Z_S4C20_PSC
S4C20-02;Z_S4C20_PSC
S4C20-03;Z_S4C20_PSC
S4C20-04;Z_S4C20_PSC
S4C20-05;Z_S4C20_PSC
S4C20-06;Z_S4C20_PSC
S4C20-07;Z_S4C20_PSC
S4C20-08;Z_S4C20_PSC
S4C20-09;Z_S4C20_PSC
S4C20-10;Z_S4C20_PSC
S4C20-11;Z_S4C20_PSC
S4C20-12;Z_S4C20_PSC
S4C20-13;Z_S4C20_PSC
S4C20-14;Z_S4C20_PSC
S4C20-15;Z_S4C20_PSC
S4C20-16;Z_S4C20_PSC
S4C20-17;Z_S4C20_PSC
S4C20-18;Z_S4C20_PSC
S4C20-19;Z_S4C20_PSC
S4C20-20;Z_S4C20_PSC
S4C20-21;Z_S4C20_PSC
S4C20-22;Z_S4C20_PSC
S4C20-23;Z_S4C20_PSC
S4C20-24;Z_S4C20_PSC
S4C20-25;Z_S4C20_PSC
S4C20-26;Z_S4C20_PSC
S4C20-27;Z_S4C20_PSC
S4C20-28;Z_S4C20_PSC
S4C20-29;Z_S4C20_PSC
S4C20-30;Z_S4C20_PSC
S4C30-00;SAP_BR_CASH_MANAGER
S4C30-00;SAP_BR_CASH_SPECIALIST
S4C30-00;SAP_BR_CREDIT_CONTROLLER
S4C30-01;SAP_BR_CASH_MANAGER
S4C30-01;SAP_BR_CASH_SPECIALIST
S4C30-01;SAP_BR_CREDIT_CONTROLLER
S4C30-02;SAP_BR_CASH_MANAGER
S4C30-02;SAP_BR_CASH_SPECIALIST
S4C30-02;SAP_BR_CREDIT_CONTROLLER
S4C30-03;SAP_BR_CASH_MANAGER
S4C30-03;SAP_BR_CASH_SPECIALIST
S4C30-03;SAP_BR_CREDIT_CONTROLLER
S4C30-04;SAP_BR_CASH_MANAGER
S4C30-04;SAP_BR_CASH_SPECIALIST
S4C30-04;SAP_BR_CREDIT_CONTROLLER
S4C30-05;SAP_BR_CASH_MANAGER
S4C30-05;SAP_BR_CASH_SPECIALIST
S4C30-05;SAP_BR_CREDIT_CONTROLLER
S4C30-06;SAP_BR_CASH_MANAGER
S4C30-06;SAP_BR_CASH_SPECIALIST
S4C30-06;SAP_BR_CREDIT_CONTROLLER
S4C30-07;SAP_BR_CASH_MANAGER
S4C30-07;SAP_BR_CASH_SPECIALIST
S4C30-07;SAP_BR_CREDIT_CONTROLLER
S4C30-08;SAP_BR_CASH_MANAGER
S4C30-08;SAP_BR_CASH_SPECIALIST
S4C30-08;SAP_BR_CREDIT_CONTROLLER
S4C30-09;SAP_BR_CASH_MANAGER
S4C30-09;SAP_BR_CASH_SPECIALIST
S4C30-09;SAP_BR_CREDIT_CONTROLLER
S4C30-10;SAP_BR_CASH_MANAGER
S4C30-10;SAP_BR_CASH_SPECIALIST
S4C30-10;SAP_BR_CREDIT_CONTROLLER
S4C30-11;SAP_BR_CASH_MANAGER
S4C30-11;SAP_BR_CASH_SPECIALIST
S4C30-11;SAP_BR_CREDIT_CONTROLLER
S4C30-12;SAP_BR_CASH_MANAGER
S4C30-12;SAP_BR_CASH_SPECIALIST
S4C30-12;SAP_BR_CREDIT_CONTROLLER
S4C30-13;SAP_BR_CASH_MANAGER
S4C30-13;SAP_BR_CASH_SPECIALIST
S4C30-13;SAP_BR_CREDIT_CONTROLLER
S4C30-14;SAP_BR_CASH_MANAGER
S4C30-14;SAP_BR_CASH_SPECIALIST
S4C30-14;SAP_BR_CREDIT_CONTROLLER
S4C30-15;SAP_BR_CASH_MANAGER
S4C30-15;SAP_BR_CASH_SPECIALIST
S4C30-15;SAP_BR_CREDIT_CONTROLLER
S4C30-16;SAP_BR_CASH_MANAGER
S4C30-16;SAP_BR_CASH_SPECIALIST
S4C30-16;SAP_BR_CREDIT_CONTROLLER
S4C30-17;SAP_BR_CASH_MANAGER
S4C30-17;SAP_BR_CASH_SPECIALIST
S4C30-17;SAP_BR_CREDIT_CONTROLLER
S4C30-18;SAP_BR_CASH_MANAGER
S4C30-18;SAP_BR_CASH_SPECIALIST
S4C30-18;SAP_BR_CREDIT_CONTROLLER
S4C30-19;SAP_BR_CASH_MANAGER
S4C30-19;SAP_BR_CASH_SPECIALIST
S4C30-19;SAP_BR_CREDIT_CONTROLLER
S4C30-20;SAP_BR_CASH_MANAGER
S4C30-20;SAP_BR_CASH_SPECIALIST
S4C30-20;SAP_BR_CREDIT_CONTROLLER
S4C30-21;SAP_BR_CASH_MANAGER
S4C30-21;SAP_BR_CASH_SPECIALIST
S4C30-22;SAP_BR_CASH_MANAGER
S4C30-22;SAP_BR_CASH_SPECIALIST
S4C30-23;SAP_BR_CASH_MANAGER
S4C30-23;SAP_BR_CASH_SPECIALIST
S4C30-24;SAP_BR_CASH_MANAGER
S4C30-24;SAP_BR_CASH_SPECIALIST
S4C30-25;SAP_BR_CASH_MANAGER
S4C30-25;SAP_BR_CASH_SPECIALIST
S4C30-26;SAP_BR_CASH_MANAGER
S4C30-26;SAP_BR_CASH_SPECIALIST
S4C30-27;SAP_BR_CASH_MANAGER
S4C30-27;SAP_BR_CASH_SPECIALIST
S4C30-28;SAP_BR_CASH_MANAGER
S4C30-28;SAP_BR_CASH_SPECIALIST
S4C30-29;SAP_BR_CASH_MANAGER
S4C30-29;SAP_BR_CASH_SPECIALIST
S4C30-30;SAP_BR_CASH_MANAGER
S4C30-30;SAP_BR_CASH_SPECIALIST
S4C50_BOM_ENGINEER;SAP_BR_BOM_ENGINEER
S4C50_BOM_ENG_00;SAP_BR_BOM_ENGINEER
S4C50_BOM_ENG_01;SAP_BR_BOM_ENGINEER
S4C50_BOM_ENG_02;SAP_BR_BOM_ENGINEER
S4C50_BOM_ENG_03;SAP_BR_BOM_ENGINEER
S4C50_BOM_ENG_04;SAP_BR_BOM_ENGINEER
S4C50_BOM_ENG_05;SAP_BR_BOM_ENGINEER
S4C50_BOM_ENG_06;SAP_BR_BOM_ENGINEER
S4C50_BOM_ENG_07;SAP_BR_BOM_ENGINEER
S4C50_BOM_ENG_08;SAP_BR_BOM_ENGINEER
S4C50_BOM_ENG_09;SAP_BR_BOM_ENGINEER
S4C50_BOM_ENG_10;SAP_BR_BOM_ENGINEER
S4C50_BOM_ENG_11;SAP_BR_BOM_ENGINEER
S4C50_BOM_ENG_12;SAP_BR_BOM_ENGINEER
S4C50_BOM_ENG_13;SAP_BR_BOM_ENGINEER
S4C50_BOM_ENG_14;SAP_BR_BOM_ENGINEER
S4C50_BOM_ENG_15;SAP_BR_BOM_ENGINEER
S4C50_BOM_ENG_16;SAP_BR_BOM_ENGINEER
S4C50_BOM_ENG_17;SAP_BR_BOM_ENGINEER
S4C50_BOM_ENG_18;SAP_BR_BOM_ENGINEER
S4C50_BOM_ENG_19;SAP_BR_BOM_ENGINEER
S4C50_BOM_ENG_20;SAP_BR_BOM_ENGINEER
S4C50_BOM_ENG_21;SAP_BR_BOM_ENGINEER
S4C50_BOM_ENG_22;SAP_BR_BOM_ENGINEER
S4C50_BOM_ENG_23;SAP_BR_BOM_ENGINEER
S4C50_BOM_ENG_24;SAP_BR_BOM_ENGINEER
S4C50_BOM_ENG_25;SAP_BR_BOM_ENGINEER
S4C50_BOM_ENG_26;SAP_BR_BOM_ENGINEER
S4C50_BOM_ENG_27;SAP_BR_BOM_ENGINEER
S4C50_BOM_ENG_28;SAP_BR_BOM_ENGINEER
S4C50_BOM_ENG_29;SAP_BR_BOM_ENGINEER
S4C50_BOM_ENG_30;SAP_BR_BOM_ENGINEER
S4C50_DESIGN_ENGINEER;SAP_BR_DESIGN_ENGINEER
S4C50_DESIGN_ENG_00;SAP_BR_DESIGN_ENGINEER
S4C50_DESIGN_ENG_01;SAP_BR_DESIGN_ENGINEER
S4C50_DESIGN_ENG_02;SAP_BR_DESIGN_ENGINEER
S4C50_DESIGN_ENG_03;SAP_BR_DESIGN_ENGINEER
S4C50_DESIGN_ENG_04;SAP_BR_DESIGN_ENGINEER
S4C50_DESIGN_ENG_05;SAP_BR_DESIGN_ENGINEER
S4C50_DESIGN_ENG_06;SAP_BR_DESIGN_ENGINEER
S4C50_DESIGN_ENG_07;SAP_BR_DESIGN_ENGINEER
S4C50_DESIGN_ENG_08;SAP_BR_DESIGN_ENGINEER
S4C50_DESIGN_ENG_09;SAP_BR_DESIGN_ENGINEER
S4C50_DESIGN_ENG_10;SAP_BR_DESIGN_ENGINEER
S4C50_DESIGN_ENG_11;SAP_BR_DESIGN_ENGINEER
S4C50_DESIGN_ENG_12;SAP_BR_DESIGN_ENGINEER
S4C50_DESIGN_ENG_13;SAP_BR_DESIGN_ENGINEER
S4C50_DESIGN_ENG_14;SAP_BR_DESIGN_ENGINEER
S4C50_DESIGN_ENG_15;SAP_BR_DESIGN_ENGINEER
S4C50_DESIGN_ENG_16;SAP_BR_DESIGN_ENGINEER
S4C50_DESIGN_ENG_17;SAP_BR_DESIGN_ENGINEER
S4C50_DESIGN_ENG_18;SAP_BR_DESIGN_ENGINEER
S4C50_DESIGN_ENG_19;SAP_BR_DESIGN_ENGINEER
S4C50_DESIGN_ENG_20;SAP_BR_DESIGN_ENGINEER
S4C50_DESIGN_ENG_21;SAP_BR_DESIGN_ENGINEER
S4C50_DESIGN_ENG_22;SAP_BR_DESIGN_ENGINEER
S4C50_DESIGN_ENG_23;SAP_BR_DESIGN_ENGINEER
S4C50_DESIGN_ENG_24;SAP_BR_DESIGN_ENGINEER
S4C50_DESIGN_ENG_25;SAP_BR_DESIGN_ENGINEER
S4C50_DESIGN_ENG_26;SAP_BR_DESIGN_ENGINEER
S4C50_DESIGN_ENG_27;SAP_BR_DESIGN_ENGINEER
S4C50_DESIGN_ENG_28;SAP_BR_DESIGN_ENGINEER
S4C50_DESIGN_ENG_29;SAP_BR_DESIGN_ENGINEER
S4C50_DESIGN_ENG_30;SAP_BR_DESIGN_ENGINEER
S4C50_DEV_MANAGER;SAP_BR_DEVELOPMENT_MANAGER_DIN
S4C50_DEV_MGR_00;SAP_BR_DEVELOPMENT_MANAGER_DIN
S4C50_DEV_MGR_01;SAP_BR_DEVELOPMENT_MANAGER_DIN
S4C50_DEV_MGR_02;SAP_BR_DEVELOPMENT_MANAGER_DIN
S4C50_DEV_MGR_03;SAP_BR_DEVELOPMENT_MANAGER_DIN
S4C50_DEV_MGR_04;SAP_BR_DEVELOPMENT_MANAGER_DIN
S4C50_DEV_MGR_05;SAP_BR_DEVELOPMENT_MANAGER_DIN
S4C50_DEV_MGR_06;SAP_BR_DEVELOPMENT_MANAGER_DIN
S4C50_DEV_MGR_07;SAP_BR_DEVELOPMENT_MANAGER_DIN
S4C50_DEV_MGR_08;SAP_BR_DEVELOPMENT_MANAGER_DIN
S4C50_DEV_MGR_09;SAP_BR_DEVELOPMENT_MANAGER_DIN
S4C50_DEV_MGR_10;SAP_BR_DEVELOPMENT_MANAGER_DIN
S4C50_DEV_MGR_11;SAP_BR_DEVELOPMENT_MANAGER_DIN
S4C50_DEV_MGR_12;SAP_BR_DEVELOPMENT_MANAGER_DIN
S4C50_DEV_MGR_13;SAP_BR_DEVELOPMENT_MANAGER_DIN
S4C50_DEV_MGR_14;SAP_BR_DEVELOPMENT_MANAGER_DIN
S4C50_DEV_MGR_15;SAP_BR_DEVELOPMENT_MANAGER_DIN
S4C50_DEV_MGR_16;SAP_BR_DEVELOPMENT_MANAGER_DIN
S4C50_DEV_MGR_17;SAP_BR_DEVELOPMENT_MANAGER_DIN
S4C50_DEV_MGR_18;SAP_BR_DEVELOPMENT_MANAGER_DIN
S4C50_DEV_MGR_19;SAP_BR_DEVELOPMENT_MANAGER_DIN
S4C50_DEV_MGR_20;SAP_BR_DEVELOPMENT_MANAGER_DIN
S4C50_DEV_MGR_21;SAP_BR_DEVELOPMENT_MANAGER_DIN
S4C50_DEV_MGR_22;SAP_BR_DEVELOPMENT_MANAGER_DIN
S4C50_DEV_MGR_23;SAP_BR_DEVELOPMENT_MANAGER_DIN
S4C50_DEV_MGR_24;SAP_BR_DEVELOPMENT_MANAGER_DIN
S4C50_DEV_MGR_25;SAP_BR_DEVELOPMENT_MANAGER_DIN
S4C50_DEV_MGR_26;SAP_BR_DEVELOPMENT_MANAGER_DIN
S4C50_DEV_MGR_27;SAP_BR_DEVELOPMENT_MANAGER_DIN
S4C50_DEV_MGR_28;SAP_BR_DEVELOPMENT_MANAGER_DIN
S4C50_DEV_MGR_29;SAP_BR_DEVELOPMENT_MANAGER_DIN
S4C50_DEV_MGR_30;SAP_BR_DEVELOPMENT_MANAGER_DIN
S4C50_PROJMGR_00;SAP_BR_BPC_EXPERT
S4C50_PROJMGR_00;SAP_BR_PROJECTMANAGER
S4C50_PROJMGR_01;SAP_BR_BPC_EXPERT
S4C50_PROJMGR_01;SAP_BR_PROJECTMANAGER
S4C50_PROJMGR_02;SAP_BR_BPC_EXPERT
S4C50_PROJMGR_02;SAP_BR_PROJECTMANAGER
S4C50_PROJMGR_03;SAP_BR_BPC_EXPERT
S4C50_PROJMGR_03;SAP_BR_PROJECTMANAGER
S4C50_PROJMGR_04;SAP_BR_BPC_EXPERT
S4C50_PROJMGR_04;SAP_BR_PROJECTMANAGER
S4C50_PROJMGR_05;SAP_BR_BPC_EXPERT
S4C50_PROJMGR_05;SAP_BR_PROJECTMANAGER
S4C50_PROJMGR_06;SAP_BR_BPC_EXPERT
S4C50_PROJMGR_06;SAP_BR_PROJECTMANAGER
S4C50_PROJMGR_07;SAP_BR_BPC_EXPERT
S4C50_PROJMGR_07;SAP_BR_PROJECTMANAGER
S4C50_PROJMGR_08;SAP_BR_BPC_EXPERT
S4C50_PROJMGR_08;SAP_BR_PROJECTMANAGER
S4C50_PROJMGR_09;SAP_BR_BPC_EXPERT
S4C50_PROJMGR_09;SAP_BR_PROJECTMANAGER
S4C50_PROJMGR_10;SAP_BR_BPC_EXPERT
S4C50_PROJMGR_10;SAP_BR_PROJECTMANAGER
S4C50_PROJMGR_11;SAP_BR_BPC_EXPERT
S4C50_PROJMGR_11;SAP_BR_PROJECTMANAGER
S4C50_PROJMGR_12;SAP_BR_BPC_EXPERT
S4C50_PROJMGR_12;SAP_BR_PROJECTMANAGER
S4C50_PROJMGR_13;SAP_BR_BPC_EXPERT
S4C50_PROJMGR_13;SAP_BR_PROJECTMANAGER
S4C50_PROJMGR_14;SAP_BR_BPC_EXPERT
S4C50_PROJMGR_14;SAP_BR_PROJECTMANAGER
S4C50_PROJMGR_15;SAP_BR_BPC_EXPERT
S4C50_PROJMGR_15;SAP_BR_PROJECTMANAGER
S4C50_PROJMGR_16;SAP_BR_BPC_EXPERT
S4C50_PROJMGR_16;SAP_BR_PROJECTMANAGER
S4C50_PROJMGR_17;SAP_BR_BPC_EXPERT
S4C50_PROJMGR_17;SAP_BR_PROJECTMANAGER
S4C50_PROJMGR_18;SAP_BR_BPC_EXPERT
S4C50_PROJMGR_18;SAP_BR_PROJECTMANAGER
S4C50_PROJMGR_19;SAP_BR_BPC_EXPERT
S4C50_PROJMGR_19;SAP_BR_PROJECTMANAGER
S4C50_PROJMGR_20;SAP_BR_BPC_EXPERT
S4C50_PROJMGR_20;SAP_BR_PROJECTMANAGER
S4C50_PROJMGR_21;SAP_BR_BPC_EXPERT
S4C50_PROJMGR_21;SAP_BR_PROJECTMANAGER
S4C50_PROJMGR_22;SAP_BR_BPC_EXPERT
S4C50_PROJMGR_22;SAP_BR_PROJECTMANAGER
S4C50_PROJMGR_23;SAP_BR_BPC_EXPERT
S4C50_PROJMGR_23;SAP_BR_PROJECTMANAGER
S4C50_PROJMGR_24;SAP_BR_BPC_EXPERT
S4C50_PROJMGR_24;SAP_BR_PROJECTMANAGER
S4C50_PROJMGR_25;SAP_BR_BPC_EXPERT
S4C50_PROJMGR_25;SAP_BR_PROJECTMANAGER
S4C50_PROJMGR_26;SAP_BR_BPC_EXPERT
S4C50_PROJMGR_26;SAP_BR_PROJECTMANAGER
S4C50_PROJMGR_27;SAP_BR_BPC_EXPERT
S4C50_PROJMGR_27;SAP_BR_PROJECTMANAGER
S4C50_PROJMGR_28;SAP_BR_BPC_EXPERT
S4C50_PROJMGR_28;SAP_BR_PROJECTMANAGER
S4C50_PROJMGR_29;SAP_BR_BPC_EXPERT
S4C50_PROJMGR_29;SAP_BR_PROJECTMANAGER
S4C50_PROJMGR_30;SAP_BR_BPC_EXPERT
S4C50_PROJMGR_30;SAP_BR_PROJECTMANAGER
S4C50_STRCOMM_00;SAP_BR_BPC_EXPERT
S4C50_STRCOMM_00;SAP_BR_PROJECT_STEER_MEMBER
S4C50_STRCOMM_01;SAP_BR_BPC_EXPERT
S4C50_STRCOMM_01;SAP_BR_PROJECT_STEER_MEMBER
S4C50_STRCOMM_02;SAP_BR_BPC_EXPERT
S4C50_STRCOMM_02;SAP_BR_PROJECT_STEER_MEMBER
S4C50_STRCOMM_03;SAP_BR_BPC_EXPERT
S4C50_STRCOMM_03;SAP_BR_PROJECT_STEER_MEMBER
S4C50_STRCOMM_04;SAP_BR_BPC_EXPERT
S4C50_STRCOMM_04;SAP_BR_PROJECT_STEER_MEMBER
S4C50_STRCOMM_05;SAP_BR_BPC_EXPERT
S4C50_STRCOMM_05;SAP_BR_PROJECT_STEER_MEMBER
S4C50_STRCOMM_06;SAP_BR_BPC_EXPERT
S4C50_STRCOMM_06;SAP_BR_PROJECT_STEER_MEMBER
S4C50_STRCOMM_07;SAP_BR_BPC_EXPERT
S4C50_STRCOMM_07;SAP_BR_PROJECT_STEER_MEMBER
S4C50_STRCOMM_08;SAP_BR_BPC_EXPERT
S4C50_STRCOMM_08;SAP_BR_PROJECT_STEER_MEMBER
S4C50_STRCOMM_09;SAP_BR_BPC_EXPERT
S4C50_STRCOMM_09;SAP_BR_PROJECT_STEER_MEMBER
S4C50_STRCOMM_10;SAP_BR_BPC_EXPERT
S4C50_STRCOMM_10;SAP_BR_PROJECT_STEER_MEMBER
S4C50_STRCOMM_11;SAP_BR_BPC_EXPERT
S4C50_STRCOMM_11;SAP_BR_PROJECT_STEER_MEMBER
S4C50_STRCOMM_12;SAP_BR_BPC_EXPERT
S4C50_STRCOMM_12;SAP_BR_PROJECT_STEER_MEMBER
S4C50_STRCOMM_13;SAP_BR_BPC_EXPERT
S4C50_STRCOMM_13;SAP_BR_PROJECT_STEER_MEMBER
S4C50_STRCOMM_14;SAP_BR_BPC_EXPERT
S4C50_STRCOMM_14;SAP_BR_PROJECT_STEER_MEMBER
S4C50_STRCOMM_15;SAP_BR_BPC_EXPERT
S4C50_STRCOMM_15;SAP_BR_PROJECT_STEER_MEMBER
S4C50_STRCOMM_16;SAP_BR_BPC_EXPERT
S4C50_STRCOMM_16;SAP_BR_PROJECT_STEER_MEMBER
S4C50_STRCOMM_17;SAP_BR_BPC_EXPERT
S4C50_STRCOMM_17;SAP_BR_PROJECT_STEER_MEMBER
S4C50_STRCOMM_18;SAP_BR_BPC_EXPERT
S4C50_STRCOMM_18;SAP_BR_PROJECT_STEER_MEMBER
S4C50_STRCOMM_19;SAP_BR_BPC_EXPERT
S4C50_STRCOMM_19;SAP_BR_PROJECT_STEER_MEMBER
S4C50_STRCOMM_20;SAP_BR_BPC_EXPERT
S4C50_STRCOMM_20;SAP_BR_PROJECT_STEER_MEMBER
S4C50_STRCOMM_21;SAP_BR_BPC_EXPERT
S4C50_STRCOMM_21;SAP_BR_PROJECT_STEER_MEMBER
S4C50_STRCOMM_22;SAP_BR_BPC_EXPERT
S4C50_STRCOMM_22;SAP_BR_PROJECT_STEER_MEMBER
S4C50_STRCOMM_23;SAP_BR_BPC_EXPERT
S4C50_STRCOMM_23;SAP_BR_PROJECT_STEER_MEMBER
S4C50_STRCOMM_24;SAP_BR_BPC_EXPERT
S4C50_STRCOMM_24;SAP_BR_PROJECT_STEER_MEMBER
S4C50_STRCOMM_25;SAP_BR_BPC_EXPERT
S4C50_STRCOMM_25;SAP_BR_PROJECT_STEER_MEMBER
S4C50_STRCOMM_26;SAP_BR_BPC_EXPERT
S4C50_STRCOMM_26;SAP_BR_PROJECT_STEER_MEMBER
S4C50_STRCOMM_27;SAP_BR_BPC_EXPERT
S4C50_STRCOMM_27;SAP_BR_PROJECT_STEER_MEMBER
S4C50_STRCOMM_28;SAP_BR_BPC_EXPERT
S4C50_STRCOMM_28;SAP_BR_PROJECT_STEER_MEMBER
S4C50_STRCOMM_29;SAP_BR_BPC_EXPERT
S4C50_STRCOMM_29;SAP_BR_PROJECT_STEER_MEMBER
S4C50_STRCOMM_30;SAP_BR_BPC_EXPERT
S4C50_STRCOMM_30;SAP_BR_PROJECT_STEER_MEMBER
S4C50_TEAMMBR_00;SAP_BR_ADMINISTRATOR
S4C50_TEAMMBR_00;SAP_BR_BPC_EXPERT
S4C50_TEAMMBR_01;SAP_BR_ADMINISTRATOR
S4C50_TEAMMBR_01;SAP_BR_BPC_EXPERT
S4C50_TEAMMBR_02;SAP_BR_ADMINISTRATOR
S4C50_TEAMMBR_02;SAP_BR_BPC_EXPERT
S4C50_TEAMMBR_03;SAP_BR_ADMINISTRATOR
S4C50_TEAMMBR_03;SAP_BR_BPC_EXPERT
S4C50_TEAMMBR_04;SAP_BR_ADMINISTRATOR
S4C50_TEAMMBR_04;SAP_BR_BPC_EXPERT
S4C50_TEAMMBR_05;SAP_BR_ADMINISTRATOR
S4C50_TEAMMBR_05;SAP_BR_BPC_EXPERT
S4C50_TEAMMBR_06;SAP_BR_ADMINISTRATOR
S4C50_TEAMMBR_06;SAP_BR_BPC_EXPERT
S4C50_TEAMMBR_07;SAP_BR_ADMINISTRATOR
S4C50_TEAMMBR_07;SAP_BR_BPC_EXPERT
S4C50_TEAMMBR_08;SAP_BR_ADMINISTRATOR
S4C50_TEAMMBR_08;SAP_BR_BPC_EXPERT
S4C50_TEAMMBR_09;SAP_BR_ADMINISTRATOR
S4C50_TEAMMBR_09;SAP_BR_BPC_EXPERT
S4C50_TEAMMBR_10;SAP_BR_ADMINISTRATOR
S4C50_TEAMMBR_10;SAP_BR_BPC_EXPERT
S4C50_TEAMMBR_11;SAP_BR_ADMINISTRATOR
S4C50_TEAMMBR_11;SAP_BR_BPC_EXPERT
S4C50_TEAMMBR_12;SAP_BR_ADMINISTRATOR
S4C50_TEAMMBR_12;SAP_BR_BPC_EXPERT
S4C50_TEAMMBR_13;SAP_BR_ADMINISTRATOR
S4C50_TEAMMBR_13;SAP_BR_BPC_EXPERT
S4C50_TEAMMBR_14;SAP_BR_ADMINISTRATOR
S4C50_TEAMMBR_14;SAP_BR_BPC_EXPERT
S4C50_TEAMMBR_15;SAP_BR_ADMINISTRATOR
S4C50_TEAMMBR_15;SAP_BR_BPC_EXPERT
S4C50_TEAMMBR_16;SAP_BR_ADMINISTRATOR
S4C50_TEAMMBR_16;SAP_BR_BPC_EXPERT
S4C50_TEAMMBR_17;SAP_BR_ADMINISTRATOR
S4C50_TEAMMBR_17;SAP_BR_BPC_EXPERT
S4C50_TEAMMBR_18;SAP_BR_ADMINISTRATOR
S4C50_TEAMMBR_18;SAP_BR_BPC_EXPERT
S4C50_TEAMMBR_19;SAP_BR_ADMINISTRATOR
S4C50_TEAMMBR_19;SAP_BR_BPC_EXPERT
S4C50_TEAMMBR_20;SAP_BR_ADMINISTRATOR
S4C50_TEAMMBR_20;SAP_BR_BPC_EXPERT
S4C50_TEAMMBR_21;SAP_BR_ADMINISTRATOR
S4C50_TEAMMBR_21;SAP_BR_BPC_EXPERT
S4C50_TEAMMBR_22;SAP_BR_ADMINISTRATOR
S4C50_TEAMMBR_22;SAP_BR_BPC_EXPERT
S4C50_TEAMMBR_23;SAP_BR_ADMINISTRATOR
S4C50_TEAMMBR_23;SAP_BR_BPC_EXPERT
S4C50_TEAMMBR_24;SAP_BR_ADMINISTRATOR
S4C50_TEAMMBR_24;SAP_BR_BPC_EXPERT
S4C50_TEAMMBR_25;SAP_BR_ADMINISTRATOR
S4C50_TEAMMBR_25;SAP_BR_BPC_EXPERT
S4C50_TEAMMBR_26;SAP_BR_ADMINISTRATOR
S4C50_TEAMMBR_26;SAP_BR_BPC_EXPERT
S4C50_TEAMMBR_27;SAP_BR_ADMINISTRATOR
S4C50_TEAMMBR_27;SAP_BR_BPC_EXPERT
S4C50_TEAMMBR_28;SAP_BR_ADMINISTRATOR
S4C50_TEAMMBR_28;SAP_BR_BPC_EXPERT
S4C50_TEAMMBR_29;SAP_BR_ADMINISTRATOR
S4C50_TEAMMBR_29;SAP_BR_BPC_EXPERT
S4C50_TEAMMBR_30;SAP_BR_ADMINISTRATOR
S4C50_TEAMMBR_30;SAP_BR_BPC_EXPERT
S4CIW-00;SAP_BR_ADMINISTRATOR
S4CIW-00;Z_S4C_GENERIC_ROLE
S4CIW-01;SAP_BR_ADMINISTRATOR
S4CIW-01;SAP_BR_AR_ACCOUNTANT
S4CIW-01;SAP_BR_AR_MANAGER
S4CIW-01;SAP_BR_BPC_EXPERT
S4CIW-01;SAP_BR_CASH_SPECIALIST
S4CIW-01;SAP_BR_GL_ACCOUNTANT
S4CIW-01;Z_S4C_GENERIC_ROLE
S4CIW-02;SAP_BR_ADMINISTRATOR
S4CIW-02;SAP_BR_AR_ACCOUNTANT
S4CIW-02;SAP_BR_AR_MANAGER
S4CIW-02;SAP_BR_BPC_EXPERT
S4CIW-02;SAP_BR_CASH_SPECIALIST
S4CIW-02;SAP_BR_GL_ACCOUNTANT
S4CIW-02;Z_S4C_GENERIC_ROLE
S4CIW-03;SAP_BR_ADMINISTRATOR
S4CIW-03;SAP_BR_AR_ACCOUNTANT
S4CIW-03;SAP_BR_AR_MANAGER
S4CIW-03;SAP_BR_BPC_EXPERT
S4CIW-03;SAP_BR_CASH_SPECIALIST
S4CIW-03;SAP_BR_GL_ACCOUNTANT
S4CIW-03;Z_S4C_GENERIC_ROLE
S4CIW-04;SAP_BR_ADMINISTRATOR
S4CIW-04;SAP_BR_AR_ACCOUNTANT
S4CIW-04;SAP_BR_AR_MANAGER
S4CIW-04;SAP_BR_BPC_EXPERT
S4CIW-04;SAP_BR_CASH_SPECIALIST
S4CIW-04;SAP_BR_GL_ACCOUNTANT
S4CIW-04;Z_S4C_GENERIC_ROLE
S4CIW-05;SAP_BR_ADMINISTRATOR
S4CIW-05;SAP_BR_AR_ACCOUNTANT
S4CIW-05;SAP_BR_AR_MANAGER
S4CIW-05;SAP_BR_BPC_EXPERT
S4CIW-05;SAP_BR_CASH_SPECIALIST
S4CIW-05;SAP_BR_GL_ACCOUNTANT
S4CIW-05;Z_S4C_GENERIC_ROLE
S4CIW-06;SAP_BR_ADMINISTRATOR
S4CIW-06;SAP_BR_AR_ACCOUNTANT
S4CIW-06;SAP_BR_AR_MANAGER
S4CIW-06;SAP_BR_BPC_EXPERT
S4CIW-06;SAP_BR_CASH_SPECIALIST
S4CIW-06;SAP_BR_GL_ACCOUNTANT
S4CIW-06;Z_S4C_GENERIC_ROLE
S4CIW-07;SAP_BR_ADMINISTRATOR
S4CIW-07;SAP_BR_AR_ACCOUNTANT
S4CIW-07;SAP_BR_AR_MANAGER
S4CIW-07;SAP_BR_BPC_EXPERT
S4CIW-07;SAP_BR_CASH_SPECIALIST
S4CIW-07;SAP_BR_GL_ACCOUNTANT
S4CIW-07;Z_S4C_GENERIC_ROLE
S4CIW-08;SAP_BR_ADMINISTRATOR
S4CIW-08;SAP_BR_AR_ACCOUNTANT
S4CIW-08;SAP_BR_AR_MANAGER
S4CIW-08;SAP_BR_BPC_EXPERT
S4CIW-08;SAP_BR_CASH_SPECIALIST
S4CIW-08;SAP_BR_GL_ACCOUNTANT
S4CIW-08;Z_S4C_GENERIC_ROLE
S4CIW-09;SAP_BR_ADMINISTRATOR
S4CIW-09;SAP_BR_AR_ACCOUNTANT
S4CIW-09;SAP_BR_AR_MANAGER
S4CIW-09;SAP_BR_BPC_EXPERT
S4CIW-09;SAP_BR_CASH_SPECIALIST
S4CIW-09;SAP_BR_GL_ACCOUNTANT
S4CIW-09;Z_S4C_GENERIC_ROLE
S4CIW-10;SAP_BR_ADMINISTRATOR
S4CIW-10;SAP_BR_AR_ACCOUNTANT
S4CIW-10;SAP_BR_AR_MANAGER
S4CIW-10;SAP_BR_BPC_EXPERT
S4CIW-10;SAP_BR_CASH_SPECIALIST
S4CIW-10;SAP_BR_GL_ACCOUNTANT
S4CIW-10;Z_S4C_GENERIC_ROLE
S4CIW-11;SAP_BR_ADMINISTRATOR
S4CIW-11;SAP_BR_AP_ACCOUNTANT
S4CIW-11;SAP_BR_BPC_EXPERT
S4CIW-11;SAP_BR_INVENTORY_MANAGER
S4CIW-11;SAP_BR_PRODMASTER_SPECIALIST
S4CIW-11;SAP_BR_PURCHASER
S4CIW-11;SAP_BR_PURCHASING_MANAGER
S4CIW-11;SAP_BR_RECEIVING_SPECIALIST
S4CIW-11;SAP_BR_WAREHOUSE_CLERK
S4CIW-11;Z_S4C_GENERIC_ROLE
S4CIW-12;SAP_BR_ADMINISTRATOR
S4CIW-12;SAP_BR_AP_ACCOUNTANT
S4CIW-12;SAP_BR_BPC_EXPERT
S4CIW-12;SAP_BR_INVENTORY_MANAGER
S4CIW-12;SAP_BR_PRODMASTER_SPECIALIST
S4CIW-12;SAP_BR_PURCHASER
S4CIW-12;SAP_BR_PURCHASING_MANAGER
S4CIW-12;SAP_BR_RECEIVING_SPECIALIST
S4CIW-12;SAP_BR_WAREHOUSE_CLERK
S4CIW-12;Z_S4C_GENERIC_ROLE
S4CIW-13;SAP_BR_ADMINISTRATOR
S4CIW-13;SAP_BR_AP_ACCOUNTANT
S4CIW-13;SAP_BR_BPC_EXPERT
S4CIW-13;SAP_BR_INVENTORY_MANAGER
S4CIW-13;SAP_BR_PRODMASTER_SPECIALIST
S4CIW-13;SAP_BR_PURCHASER
S4CIW-13;SAP_BR_PURCHASING_MANAGER
S4CIW-13;SAP_BR_RECEIVING_SPECIALIST
S4CIW-13;SAP_BR_WAREHOUSE_CLERK
S4CIW-13;Z_S4C_GENERIC_ROLE
S4CIW-14;SAP_BR_ADMINISTRATOR
S4CIW-14;SAP_BR_AP_ACCOUNTANT
S4CIW-14;SAP_BR_BPC_EXPERT
S4CIW-14;SAP_BR_INVENTORY_MANAGER
S4CIW-14;SAP_BR_PRODMASTER_SPECIALIST
S4CIW-14;SAP_BR_PURCHASER
S4CIW-14;SAP_BR_PURCHASING_MANAGER
S4CIW-14;SAP_BR_RECEIVING_SPECIALIST
S4CIW-14;SAP_BR_WAREHOUSE_CLERK
S4CIW-14;Z_S4C_GENERIC_ROLE
S4CIW-15;SAP_BR_ADMINISTRATOR
S4CIW-15;SAP_BR_AP_ACCOUNTANT
S4CIW-15;SAP_BR_BPC_EXPERT
S4CIW-15;SAP_BR_INVENTORY_MANAGER
S4CIW-15;SAP_BR_PRODMASTER_SPECIALIST
S4CIW-15;SAP_BR_PURCHASER
S4CIW-15;SAP_BR_PURCHASING_MANAGER
S4CIW-15;SAP_BR_RECEIVING_SPECIALIST
S4CIW-15;SAP_BR_WAREHOUSE_CLERK
S4CIW-15;Z_S4C_GENERIC_ROLE
S4CIW-16;SAP_BR_ADMINISTRATOR
S4CIW-16;SAP_BR_AP_ACCOUNTANT
S4CIW-16;SAP_BR_BPC_EXPERT
S4CIW-16;SAP_BR_INVENTORY_MANAGER
S4CIW-16;SAP_BR_PRODMASTER_SPECIALIST
S4CIW-16;SAP_BR_PURCHASER
S4CIW-16;SAP_BR_PURCHASING_MANAGER
S4CIW-16;SAP_BR_RECEIVING_SPECIALIST
S4CIW-16;SAP_BR_WAREHOUSE_CLERK
S4CIW-16;Z_S4C_GENERIC_ROLE
S4CIW-17;SAP_BR_ADMINISTRATOR
S4CIW-17;SAP_BR_AP_ACCOUNTANT
S4CIW-17;SAP_BR_BPC_EXPERT
S4CIW-17;SAP_BR_INVENTORY_MANAGER
S4CIW-17;SAP_BR_PRODMASTER_SPECIALIST
S4CIW-17;SAP_BR_PURCHASER
S4CIW-17;SAP_BR_PURCHASING_MANAGER
S4CIW-17;SAP_BR_RECEIVING_SPECIALIST
S4CIW-17;SAP_BR_WAREHOUSE_CLERK
S4CIW-17;Z_S4C_GENERIC_ROLE
S4CIW-18;SAP_BR_ADMINISTRATOR
S4CIW-18;SAP_BR_AP_ACCOUNTANT
S4CIW-18;SAP_BR_BPC_EXPERT
S4CIW-18;SAP_BR_INVENTORY_MANAGER
S4CIW-18;SAP_BR_PRODMASTER_SPECIALIST
S4CIW-18;SAP_BR_PURCHASER
S4CIW-18;SAP_BR_PURCHASING_MANAGER
S4CIW-18;SAP_BR_RECEIVING_SPECIALIST
S4CIW-18;SAP_BR_WAREHOUSE_CLERK
S4CIW-18;Z_S4C_GENERIC_ROLE
S4CIW-19;SAP_BR_ADMINISTRATOR
S4CIW-19;SAP_BR_AP_ACCOUNTANT
S4CIW-19;SAP_BR_BPC_EXPERT
S4CIW-19;SAP_BR_INVENTORY_MANAGER
S4CIW-19;SAP_BR_PRODMASTER_SPECIALIST
S4CIW-19;SAP_BR_PURCHASER
S4CIW-19;SAP_BR_PURCHASING_MANAGER
S4CIW-19;SAP_BR_RECEIVING_SPECIALIST
S4CIW-19;SAP_BR_WAREHOUSE_CLERK
S4CIW-19;Z_S4C_GENERIC_ROLE
S4CIW-20;SAP_BR_ADMINISTRATOR
S4CIW-20;SAP_BR_AP_ACCOUNTANT
S4CIW-20;SAP_BR_BPC_EXPERT
S4CIW-20;SAP_BR_INVENTORY_MANAGER
S4CIW-20;SAP_BR_PRODMASTER_SPECIALIST
S4CIW-20;SAP_BR_PURCHASER
S4CIW-20;SAP_BR_PURCHASING_MANAGER
S4CIW-20;SAP_BR_RECEIVING_SPECIALIST
S4CIW-20;SAP_BR_WAREHOUSE_CLERK
S4CIW-20;Z_S4C_GENERIC_ROLE
S4CIW-21;SAP_BR_ADMINISTRATOR
S4CIW-21;SAP_BR_EMPLOYEE
S4CIW-21;SAP_BR_OVERHEAD_ACCOUNTANT
S4CIW-21;SAP_BR_PROJ_MANAGE_COMM
S4CIW-21;Z_S4C01_TRAINING_ROLE
S4CIW-21;Z_S4C_GENERIC_ROLE
S4CIW-22;SAP_BR_ADMINISTRATOR
S4CIW-22;SAP_BR_EMPLOYEE
S4CIW-22;SAP_BR_OVERHEAD_ACCOUNTANT
S4CIW-22;SAP_BR_PROJ_MANAGE_COMM
S4CIW-22;Z_S4C01_TRAINING_ROLE
S4CIW-22;Z_S4C_GENERIC_ROLE
S4CIW-23;SAP_BR_ADMINISTRATOR
S4CIW-23;SAP_BR_EMPLOYEE
S4CIW-23;SAP_BR_OVERHEAD_ACCOUNTANT
S4CIW-23;SAP_BR_PROJ_MANAGE_COMM
S4CIW-23;Z_S4C01_TRAINING_ROLE
S4CIW-23;Z_S4C_GENERIC_ROLE
S4CIW-24;SAP_BR_ADMINISTRATOR
S4CIW-24;SAP_BR_EMPLOYEE
S4CIW-24;SAP_BR_OVERHEAD_ACCOUNTANT
S4CIW-24;SAP_BR_PROJ_MANAGE_COMM
S4CIW-24;Z_S4C01_TRAINING_ROLE
S4CIW-24;Z_S4C_GENERIC_ROLE
S4CIW-25;SAP_BR_ADMINISTRATOR
S4CIW-25;SAP_BR_EMPLOYEE
S4CIW-25;SAP_BR_OVERHEAD_ACCOUNTANT
S4CIW-25;SAP_BR_PROJ_MANAGE_COMM
S4CIW-25;Z_S4C01_TRAINING_ROLE
S4CIW-25;Z_S4C_GENERIC_ROLE
S4CIW-26;SAP_BR_ADMINISTRATOR
S4CIW-26;SAP_BR_EMPLOYEE
S4CIW-26;SAP_BR_OVERHEAD_ACCOUNTANT
S4CIW-26;SAP_BR_PROJ_MANAGE_COMM
S4CIW-26;Z_S4C01_TRAINING_ROLE
S4CIW-26;Z_S4C_GENERIC_ROLE
S4CIW-27;SAP_BR_ADMINISTRATOR
S4CIW-27;SAP_BR_EMPLOYEE
S4CIW-27;SAP_BR_OVERHEAD_ACCOUNTANT
S4CIW-27;SAP_BR_PROJ_MANAGE_COMM
S4CIW-27;Z_S4C01_TRAINING_ROLE
S4CIW-27;Z_S4C_GENERIC_ROLE
S4CIW-28;SAP_BR_ADMINISTRATOR
S4CIW-28;SAP_BR_EMPLOYEE
S4CIW-28;SAP_BR_OVERHEAD_ACCOUNTANT
S4CIW-28;SAP_BR_PROJ_MANAGE_COMM
S4CIW-28;Z_S4C01_TRAINING_ROLE
S4CIW-28;Z_S4C_GENERIC_ROLE
S4CIW-29;SAP_BR_ADMINISTRATOR
S4CIW-29;SAP_BR_EMPLOYEE
S4CIW-29;SAP_BR_OVERHEAD_ACCOUNTANT
S4CIW-29;SAP_BR_PROJ_MANAGE_COMM
S4CIW-29;Z_S4C01_TRAINING_ROLE
S4CIW-29;Z_S4C_GENERIC_ROLE
S4CIW-30;SAP_BR_ADMINISTRATOR
S4CIW-30;SAP_BR_EMPLOYEE
S4CIW-30;SAP_BR_OVERHEAD_ACCOUNTANT
S4CIW-30;SAP_BR_PROJ_MANAGE_COMM
S4CIW-30;Z_S4C01_TRAINING_ROLE
S4CIW-30;Z_S4C_GENERIC_ROLE
S4CIW-31;SAP_BR_ADMINISTRATOR
S4CIW-31;SAP_BR_BILLING_CLERK
S4CIW-31;SAP_BR_BUPA_MASTER_SPECIALIST
S4CIW-31;SAP_BR_CREDIT_CONTROLLER
S4CIW-31;SAP_BR_INTERNAL_SALES_REP
S4CIW-31;SAP_BR_SHIPPING_SPECIALIST
S4CIW-31;SAP_BR_WAREHOUSE_CLERK
S4CIW-31;Z_S4C_GENERIC_ROLE
S4CIW-32;SAP_BR_ADMINISTRATOR
S4CIW-32;SAP_BR_BILLING_CLERK
S4CIW-32;SAP_BR_BUPA_MASTER_SPECIALIST
S4CIW-32;SAP_BR_CREDIT_CONTROLLER
S4CIW-32;SAP_BR_INTERNAL_SALES_REP
S4CIW-32;SAP_BR_SHIPPING_SPECIALIST
S4CIW-32;SAP_BR_WAREHOUSE_CLERK
S4CIW-32;Z_S4C_GENERIC_ROLE
S4CIW-33;SAP_BR_ADMINISTRATOR
S4CIW-33;SAP_BR_BILLING_CLERK
S4CIW-33;SAP_BR_BUPA_MASTER_SPECIALIST
S4CIW-33;SAP_BR_CREDIT_CONTROLLER
S4CIW-33;SAP_BR_INTERNAL_SALES_REP
S4CIW-33;SAP_BR_SHIPPING_SPECIALIST
S4CIW-33;SAP_BR_WAREHOUSE_CLERK
S4CIW-33;Z_S4C_GENERIC_ROLE
S4CIW-34;SAP_BR_ADMINISTRATOR
S4CIW-34;SAP_BR_BILLING_CLERK
S4CIW-34;SAP_BR_BUPA_MASTER_SPECIALIST
S4CIW-34;SAP_BR_CREDIT_CONTROLLER
S4CIW-34;SAP_BR_INTERNAL_SALES_REP
S4CIW-34;SAP_BR_SHIPPING_SPECIALIST
S4CIW-34;SAP_BR_WAREHOUSE_CLERK
S4CIW-34;Z_S4C_GENERIC_ROLE
S4CIW-35;SAP_BR_ADMINISTRATOR
S4CIW-35;SAP_BR_BILLING_CLERK
S4CIW-35;SAP_BR_BUPA_MASTER_SPECIALIST
S4CIW-35;SAP_BR_CREDIT_CONTROLLER
S4CIW-35;SAP_BR_INTERNAL_SALES_REP
S4CIW-35;SAP_BR_SHIPPING_SPECIALIST
S4CIW-35;SAP_BR_WAREHOUSE_CLERK
S4CIW-35;Z_S4C_GENERIC_ROLE
S4CIW-36;SAP_BR_ADMINISTRATOR
S4CIW-36;SAP_BR_BILLING_CLERK
S4CIW-36;SAP_BR_BUPA_MASTER_SPECIALIST
S4CIW-36;SAP_BR_CREDIT_CONTROLLER
S4CIW-36;SAP_BR_INTERNAL_SALES_REP
S4CIW-36;SAP_BR_SHIPPING_SPECIALIST
S4CIW-36;SAP_BR_WAREHOUSE_CLERK
S4CIW-36;Z_S4C_GENERIC_ROLE
S4CIW-37;SAP_BR_ADMINISTRATOR
S4CIW-37;SAP_BR_BILLING_CLERK
S4CIW-37;SAP_BR_BUPA_MASTER_SPECIALIST
S4CIW-37;SAP_BR_CREDIT_CONTROLLER
S4CIW-37;SAP_BR_INTERNAL_SALES_REP
S4CIW-37;SAP_BR_SHIPPING_SPECIALIST
S4CIW-37;SAP_BR_WAREHOUSE_CLERK
S4CIW-37;Z_S4C_GENERIC_ROLE
S4CIW-38;SAP_BR_ADMINISTRATOR
S4CIW-38;SAP_BR_BILLING_CLERK
S4CIW-38;SAP_BR_BUPA_MASTER_SPECIALIST
S4CIW-38;SAP_BR_CREDIT_CONTROLLER
S4CIW-38;SAP_BR_INTERNAL_SALES_REP
S4CIW-38;SAP_BR_SHIPPING_SPECIALIST
S4CIW-38;SAP_BR_WAREHOUSE_CLERK
S4CIW-38;Z_S4C_GENERIC_ROLE
S4CIW-39;SAP_BR_ADMINISTRATOR
S4CIW-39;SAP_BR_BILLING_CLERK
S4CIW-39;SAP_BR_BUPA_MASTER_SPECIALIST
S4CIW-39;SAP_BR_CREDIT_CONTROLLER
S4CIW-39;SAP_BR_INTERNAL_SALES_REP
S4CIW-39;SAP_BR_SHIPPING_SPECIALIST
S4CIW-39;SAP_BR_WAREHOUSE_CLERK
S4CIW-39;Z_S4C_GENERIC_ROLE
S4CIW-40;SAP_BR_ADMINISTRATOR
S4CIW-40;SAP_BR_BILLING_CLERK
S4CIW-40;SAP_BR_BUPA_MASTER_SPECIALIST
S4CIW-40;SAP_BR_CREDIT_CONTROLLER
S4CIW-40;SAP_BR_INTERNAL_SALES_REP
S4CIW-40;SAP_BR_SHIPPING_SPECIALIST
S4CIW-40;SAP_BR_WAREHOUSE_CLERK
S4CIW-40;Z_S4C_GENERIC_ROLE
SAPTESTUSER;SAP_BR_ADMINISTRATOR
SAPTESTUSER;SAP_BR_ADMINISTRATOR_MKT
SAPTESTUSER;SAP_BR_ADMIN_TEST_AUTOMATION
SAPTESTUSER;SAP_BR_BPC_EXPERT
SAPTESTUSER;SAP_BR_BUSINESS_ANALYST_MKT
SAPTESTUSER;SAP_BR_MARKETING_EXECUTIVE
SAPTESTUSER;SAP_BR_MARKETING_EXPERT
SAPTESTUSER;SAP_BR_MARKETING_MANAGER
SAPTESTUSER;Z_S4C01_ROLE
SATHEESHKUM;SAP_BR_ADMINISTRATOR
SATHEESHKUM;SAP_BR_BPC_EXPERT
SAUMITRA;Z_S4C_GENERIC_ROLE
SAUNDERSAN;Z_S4C_GENERIC_ROLE
SCHMITTBA;SAP_BR_ADMINISTRATOR
SCHMITTBA;SAP_BR_BPC_EXPERT
SCHMITTBA;SAP_BR_EMPLOYEE
SCHMITTBA;Z_S4C_PSC
SCHNUR;SAP_BR_ADMINISTRATOR
SCHNUR;SAP_BR_BPC_EXPERT
SCHRADERJU;SAP_BR_ADMINISTRATOR
SCHRADERJU;SAP_BR_BPC_EXPERT
SCHUETZM;SAP_BR_ADMINISTRATOR
SCHUETZM;Z_S4C01_ROLE
SECARIANU;SAP_BR_ADMINISTRATOR
SECARIANU;SAP_BR_BPC_EXPERT
SEN-00;SAP_BR_AP_ACCOUNTANT
SEN-00;SAP_BR_EMPLOYEE_PROCUREMENT
SEN-00;SAP_BR_INVENTORY_MANAGER
SEN-00;SAP_BR_PROJ_MANAGE_COMM
SEN-00;SAP_BR_PURCHASER
SEN-00;SAP_BR_PURCHASING_MANAGER
SEN-00;SAP_BR_WAREHOUSE_CLERK
SEN-00;Z_S4C_GENERIC_ROLE
SEN-01;SAP_BR_AP_ACCOUNTANT
SEN-01;SAP_BR_EMPLOYEE_PROCUREMENT
SEN-01;SAP_BR_INVENTORY_MANAGER
SEN-01;SAP_BR_PROJ_MANAGE_COMM
SEN-01;SAP_BR_PURCHASER
SEN-01;SAP_BR_PURCHASING_MANAGER
SEN-01;SAP_BR_WAREHOUSE_CLERK
SEN-01;Z_S4C_GENERIC_ROLE
SEN-02;SAP_BR_AP_ACCOUNTANT
SEN-02;SAP_BR_EMPLOYEE_PROCUREMENT
SEN-02;SAP_BR_INVENTORY_MANAGER
SEN-02;SAP_BR_PROJ_MANAGE_COMM
SEN-02;SAP_BR_PURCHASER
SEN-02;SAP_BR_PURCHASING_MANAGER
SEN-02;SAP_BR_WAREHOUSE_CLERK
SEN-02;Z_S4C_GENERIC_ROLE
SEN-03;SAP_BR_AP_ACCOUNTANT
SEN-03;SAP_BR_EMPLOYEE_PROCUREMENT
SEN-03;SAP_BR_INVENTORY_MANAGER
SEN-03;SAP_BR_PROJ_MANAGE_COMM
SEN-03;SAP_BR_PURCHASER
SEN-03;SAP_BR_PURCHASING_MANAGER
SEN-03;SAP_BR_WAREHOUSE_CLERK
SEN-03;Z_S4C_GENERIC_ROLE
SEN-04;SAP_BR_AP_ACCOUNTANT
SEN-04;SAP_BR_EMPLOYEE_PROCUREMENT
SEN-04;SAP_BR_INVENTORY_MANAGER
SEN-04;SAP_BR_PROJ_MANAGE_COMM
SEN-04;SAP_BR_PURCHASER
SEN-04;SAP_BR_PURCHASING_MANAGER
SEN-04;SAP_BR_WAREHOUSE_CLERK
SEN-04;Z_S4C_GENERIC_ROLE
SEN-05;SAP_BR_AP_ACCOUNTANT
SEN-05;SAP_BR_EMPLOYEE_PROCUREMENT
SEN-05;SAP_BR_INVENTORY_MANAGER
SEN-05;SAP_BR_PROJ_MANAGE_COMM
SEN-05;SAP_BR_PURCHASER
SEN-05;SAP_BR_PURCHASING_MANAGER
SEN-05;SAP_BR_WAREHOUSE_CLERK
SEN-05;Z_S4C_GENERIC_ROLE
SEN-06;SAP_BR_AP_ACCOUNTANT
SEN-06;SAP_BR_EMPLOYEE_PROCUREMENT
SEN-06;SAP_BR_INVENTORY_MANAGER
SEN-06;SAP_BR_PROJ_MANAGE_COMM
SEN-06;SAP_BR_PURCHASER
SEN-06;SAP_BR_PURCHASING_MANAGER
SEN-06;SAP_BR_WAREHOUSE_CLERK
SEN-06;Z_S4C_GENERIC_ROLE
SEN-07;SAP_BR_AP_ACCOUNTANT
SEN-07;SAP_BR_EMPLOYEE_PROCUREMENT
SEN-07;SAP_BR_INVENTORY_MANAGER
SEN-07;SAP_BR_PROJ_MANAGE_COMM
SEN-07;SAP_BR_PURCHASER
SEN-07;SAP_BR_PURCHASING_MANAGER
SEN-07;SAP_BR_WAREHOUSE_CLERK
SEN-07;Z_S4C_GENERIC_ROLE
SEN-08;SAP_BR_AP_ACCOUNTANT
SEN-08;SAP_BR_EMPLOYEE_PROCUREMENT
SEN-08;SAP_BR_INVENTORY_MANAGER
SEN-08;SAP_BR_PROJ_MANAGE_COMM
SEN-08;SAP_BR_PURCHASER
SEN-08;SAP_BR_PURCHASING_MANAGER
SEN-08;SAP_BR_WAREHOUSE_CLERK
SEN-08;Z_S4C_GENERIC_ROLE
SEN-09;SAP_BR_AP_ACCOUNTANT
SEN-09;SAP_BR_EMPLOYEE_PROCUREMENT
SEN-09;SAP_BR_INVENTORY_MANAGER
SEN-09;SAP_BR_PROJ_MANAGE_COMM
SEN-09;SAP_BR_PURCHASER
SEN-09;SAP_BR_PURCHASING_MANAGER
SEN-09;SAP_BR_WAREHOUSE_CLERK
SEN-09;Z_S4C_GENERIC_ROLE
SEN-10;SAP_BR_AP_ACCOUNTANT
SEN-10;SAP_BR_EMPLOYEE_PROCUREMENT
SEN-10;SAP_BR_INVENTORY_MANAGER
SEN-10;SAP_BR_PROJ_MANAGE_COMM
SEN-10;SAP_BR_PURCHASER
SEN-10;SAP_BR_PURCHASING_MANAGER
SEN-10;SAP_BR_WAREHOUSE_CLERK
SEN-10;Z_S4C_GENERIC_ROLE
SEN-11;SAP_BR_AP_ACCOUNTANT
SEN-11;SAP_BR_EMPLOYEE_PROCUREMENT
SEN-11;SAP_BR_INVENTORY_MANAGER
SEN-11;SAP_BR_PROJ_MANAGE_COMM
SEN-11;SAP_BR_PURCHASER
SEN-11;SAP_BR_PURCHASING_MANAGER
SEN-11;SAP_BR_WAREHOUSE_CLERK
SEN-11;Z_S4C_GENERIC_ROLE
SEN-12;SAP_BR_AP_ACCOUNTANT
SEN-12;SAP_BR_EMPLOYEE_PROCUREMENT
SEN-12;SAP_BR_INVENTORY_MANAGER
SEN-12;SAP_BR_PROJ_MANAGE_COMM
SEN-12;SAP_BR_PURCHASER
SEN-12;SAP_BR_PURCHASING_MANAGER
SEN-12;SAP_BR_WAREHOUSE_CLERK
SEN-12;Z_S4C_GENERIC_ROLE
SEN-13;SAP_BR_AP_ACCOUNTANT
SEN-13;SAP_BR_EMPLOYEE_PROCUREMENT
SEN-13;SAP_BR_INVENTORY_MANAGER
SEN-13;SAP_BR_PROJ_MANAGE_COMM
SEN-13;SAP_BR_PURCHASER
SEN-13;SAP_BR_PURCHASING_MANAGER
SEN-13;SAP_BR_WAREHOUSE_CLERK
SEN-13;Z_S4C_GENERIC_ROLE
SEN-14;SAP_BR_AP_ACCOUNTANT
SEN-14;SAP_BR_EMPLOYEE_PROCUREMENT
SEN-14;SAP_BR_INVENTORY_MANAGER
SEN-14;SAP_BR_PROJ_MANAGE_COMM
SEN-14;SAP_BR_PURCHASER
SEN-14;SAP_BR_PURCHASING_MANAGER
SEN-14;SAP_BR_WAREHOUSE_CLERK
SEN-14;Z_S4C_GENERIC_ROLE
SEN-15;SAP_BR_AP_ACCOUNTANT
SEN-15;SAP_BR_EMPLOYEE_PROCUREMENT
SEN-15;SAP_BR_INVENTORY_MANAGER
SEN-15;SAP_BR_PROJ_MANAGE_COMM
SEN-15;SAP_BR_PURCHASER
SEN-15;SAP_BR_PURCHASING_MANAGER
SEN-15;SAP_BR_WAREHOUSE_CLERK
SEN-15;Z_S4C_GENERIC_ROLE
SEN-16;SAP_BR_AP_ACCOUNTANT
SEN-16;SAP_BR_EMPLOYEE_PROCUREMENT
SEN-16;SAP_BR_INVENTORY_MANAGER
SEN-16;SAP_BR_PROJ_MANAGE_COMM
SEN-16;SAP_BR_PURCHASER
SEN-16;SAP_BR_PURCHASING_MANAGER
SEN-16;SAP_BR_WAREHOUSE_CLERK
SEN-16;Z_S4C_GENERIC_ROLE
SEN-17;SAP_BR_AP_ACCOUNTANT
SEN-17;SAP_BR_EMPLOYEE_PROCUREMENT
SEN-17;SAP_BR_INVENTORY_MANAGER
SEN-17;SAP_BR_PROJ_MANAGE_COMM
SEN-17;SAP_BR_PURCHASER
SEN-17;SAP_BR_PURCHASING_MANAGER
SEN-17;SAP_BR_WAREHOUSE_CLERK
SEN-17;Z_S4C_GENERIC_ROLE
SEN-18;SAP_BR_AP_ACCOUNTANT
SEN-18;SAP_BR_EMPLOYEE_PROCUREMENT
SEN-18;SAP_BR_INVENTORY_MANAGER
SEN-18;SAP_BR_PROJ_MANAGE_COMM
SEN-18;SAP_BR_PURCHASER
SEN-18;SAP_BR_PURCHASING_MANAGER
SEN-18;SAP_BR_WAREHOUSE_CLERK
SEN-18;Z_S4C_GENERIC_ROLE
SEN-19;SAP_BR_AP_ACCOUNTANT
SEN-19;SAP_BR_EMPLOYEE_PROCUREMENT
SEN-19;SAP_BR_INVENTORY_MANAGER
SEN-19;SAP_BR_PROJ_MANAGE_COMM
SEN-19;SAP_BR_PURCHASER
SEN-19;SAP_BR_PURCHASING_MANAGER
SEN-19;SAP_BR_WAREHOUSE_CLERK
SEN-19;Z_S4C_GENERIC_ROLE
SEN-20;SAP_BR_AP_ACCOUNTANT
SEN-20;SAP_BR_EMPLOYEE_PROCUREMENT
SEN-20;SAP_BR_INVENTORY_MANAGER
SEN-20;SAP_BR_PROJ_MANAGE_COMM
SEN-20;SAP_BR_PURCHASER
SEN-20;SAP_BR_PURCHASING_MANAGER
SEN-20;SAP_BR_WAREHOUSE_CLERK
SEN-20;Z_S4C_GENERIC_ROLE
SRIVASTAVANA;SAP_BR_ADMINISTRATOR
SRIVASTAVANA;SAP_BR_BPC_EXPERT
SRIVASTAVSHU;SAP_BR_ADMINISTRATOR
SRIVASTAVSHU;SAP_BR_BPC_EXPERT
SRIVASTAVSHU;SAP_BR_BUPA_MASTER_SPECIALIST
SRIVASTAVSHU;SAP_BR_BUSINESS_PROCESS_SPEC
STAMOS;SAP_BR_ADMINISTRATOR
STAMOS;SAP_BR_BPC_EXPERT
STANCIUIU;SAP_BR_ADMINISTRATOR
STANCIUIU;SAP_BR_BPC_EXPERT
STERNEGGER;SAP_BR_ADMINISTRATOR
STERNEGGER;SAP_BR_BPC_EXPERT
STERNEGGER;SAP_BR_CASH_SPECIALIST
STERNEGGER;SAP_BR_TREASURY_SPECIALIST_BOE
STERNEGGER;Z_S4C01_ROLE
SUBRAMANISAP;Z_S4C01_ROLE
TOTHZI;CUSTOM_BUSINESS_OBJECTS
TOTHZI;CUSTOM_BUSINESS_OBJECTS_UI
TOTHZI;SAP_BR_ADMINISTRATOR
TOTHZI;SAP_BR_ADMINISTRATOR_MKT
TOTHZI;SAP_BR_ADMIN_TEST_AUTOMATION
TOTHZI;SAP_BR_BPC_EXPERT
TOTHZI;SAP_BR_BUPA_MASTER_SPECIALIST
TOTHZI;SAP_BR_BUPA_MASTER_STEWARD
TOTHZI;SAP_BR_BUSINESS_ANALYST_MKT
TOTHZI;SAP_BR_EMPLOYEE
TOTHZI;SAP_BR_MARKETING_EXECUTIVE
TOTHZI;SAP_BR_MARKETING_EXPERT
TOTHZI;SAP_BR_MARKETING_MANAGER
TOTHZI;SAP_BR_PRODN_ENG_DISC
TOTHZI;SAP_BR_PRODN_OPTR_DISC
TOTHZI;SAP_BR_PRODN_OPTR_RPTV
TOTHZI;SAP_BR_PRODN_SUPERVISOR_DISC
TOTHZI;SAP_BR_PRODN_SUPERVISOR_RPTV
TOTHZI;SAP_BR_SALES_REP_MKT_INFO
TOTHZI;Z_S4C01_ROLE
TRIALUSER;Z_EARLYTRIAL_ROLE
UYSAL;SAP_BR_ADMINISTRATOR
UYSAL;SAP_BR_BPC_EXPERT
VOLKWEINT;SAP_BR_ADMINISTRATOR
VOLKWEINT;SAP_BR_BPC_EXPERT
WANGMICH0;SAP_BR_ADMINISTRATOR
WANGMICH0;SAP_BR_AP_ACCOUNTANT
WANGMICH0;SAP_BR_BPC_EXPERT
WANGMICH0;SAP_BR_EMPLOYEE
WILKD;SAP_BR_ADMINISTRATOR
WILKD;SAP_BR_BPC_EXPERT
WILSONK;SAP_BR_ADMINISTRATOR
WILSONK;SAP_BR_ANALYTICS_SPECIALIST
WILSONK;SAP_BR_BPC_EXPERT
WILSONK;SAP_BR_CONTROLLER
WILSONK;SAP_BR_EMPLOYEE
WILSONK;SAP_BR_PROJ_MANAGE_COMM
XUO;SAP_BR_ADMINISTRATOR
XUO;SAP_BR_BPC_EXPERT
XUO;SAP_BR_INVENTORY_MANAGER
XUO;SAP_BR_PRODMASTER_SPECIALIST
XUO;Z_S4C_GENERIC_ROLE
ZHANGMI;SAP_BR_ADMINISTRATOR
ZHOUSO;SAP_BR_ADMINISTRATOR
ZHOUSO;SAP_BR_BPC_EXPERT
ZIMMERMANNBI;SAP_BR_ADMINISTRATOR
ZIMMERMANNBI;Z_S4C_GENERIC_ROLE